x1,x2,x3,x4,x5,x6,y
-0.490529558257272,-0.955729195304685,-0.5002651988427568,-0.1871904495460065,0.9929019393368097,1.0,4.023733042118162
0.11948880674637487,-1.0,-1.0,-1.0,-1.0,-0.3049057372895667,2.299604819806089
0.6323715837246844,0.359288748768963,-0.7071440476462979,1.0,1.0,-0.11827395156857042,-2.3382950274831327
1.0,0.27133496992737904,1.0,1.0,1.0,0.3668418273542607,-5.4713083493483605
-1.0,-0.0312194415266297,0.41887341452227966,-0.02598077561745149,1.0,0.19734231930024554,2.311025319329791
0.35377594984921257,0.06279972161538172,1.0,0.8384401971697655,-0.31671814692119465,1.0,-2.025649000287662
-0.7421340562549306,0.2173443789797318,-1.0,-0.20505838926443104,-0.08981887623117574,0.14983080123741832,0.5164083777499326
-0.4421716086229097,0.22577878913187455,-0.3140933884816761,-1.0,-1.0,0.5098383465997371,2.1100764969591834
-1.0,-1.0,0.036144396793716616,-1.0,-0.5107109861835832,0.5532686233340265,-2.2108343399679926
0.014753848009930709,-1.0,-0.5280620869095499,-0.7135776918649488,0.1303270798069988,1.0,-0.3332255955929094
-0.13389140796774246,0.44566234574994606,-0.39615631800566886,-0.23128061742821993,-0.2735429395300336,0.9816091468549827,5.558427862187984
-0.1561799915287161,0.4397896638402303,-1.0,-0.5758955020121936,1.0,0.04812575344702008,0.02381882450074735
-0.22048545261383667,0.3165018360475592,0.8623917772398171,-0.018624423956726477,-1.0,-0.1941475950607302,-2.4108551810333934
-1.0,-0.7406097353305663,-0.9282897711369102,-0.7488338051202825,-1.0,-1.0,3.6711379632145515
-1.0,-1.0,-0.9577796498951315,0.5087517770456763,-0.3919061930783082,-1.0,0.1336030600432585
-0.8562694999189422,-0.814564412708767,-0.1399709874954853,-0.7774078947314749,-0.2769681666648006,-0.8724244988480626,2.549265714931654
-0.2615405308525969,-0.20673627819387808,1.0,-1.0,-1.0,0.35049164146132616,-1.0896079655322637
0.5326776561302107,0.8616327690990602,0.4578052803694688,0.8676255690438301,0.47476837336484423,1.0,-0.5601728348531295
-1.0,-1.0,-0.18740006930386888,0.4501557413458943,0.5777993716026514,0.43518425324336696,1.0264866675820774
-0.20098217126942275,-1.0,1.0,0.08496489461989953,1.0,1.0,2.035289290122016
0.727674450572134,-1.0,-0.9418086337628303,0.08420849273073816,-0.5972049436619172,-0.5085845592638374,0.7440768601618646
-1.0,-0.7627380921465133,-1.0,-1.0,-0.6650490677962522,-1.0,5.205935663798214
-0.2626519397804633,1.0,1.0,1.0,0.30141029183894097,0.7049734496098858,-7.441773136258449
-0.9819721950839306,-1.0,-0.8431128723337122,-1.0,-0.3845076550442553,-1.0,2.7670818741233276
0.11584904985067901,0.08568593586844919,-0.36931710944653007,0.6715382091369121,0.2774420340191587,0.8495806611231541,1.6746553097471888
-0.643644253677218,0.18096013525197996,-0.7018600108195594,0.7265698838481913,0.7937076431694795,1.0,7.546752278330221
1.0,1.0,0.8887769506272072,0.7617120082198567,0.14723697248638523,-0.10122853948890143,-2.607291607479849
-0.07149612125447793,-0.6864827253592797,0.5996755158684887,1.0,0.06900491899819461,-0.7814203493617309,2.1410991465262494
-0.9065123606935084,-0.15954101040962698,0.3028939847290463,-1.0,-0.17338076121987567,-0.4053037349332575,-0.2713057478094625
-0.9761714351684463,-1.0,-1.0,-0.19429254332221335,-0.7487820877742142,0.8694908003088563,-1.0861462748120865
-0.050356316092860454,0.3402036280376521,1.0,0.4369981325240049,1.0,0.21849918808314228,-1.4389113887248624
1.0,0.37873387117838675,-0.6804861582228856,1.0,-0.5676526487826522,-0.9459087482754222,4.598193913775159
0.006611225434223156,-0.09071832829110493,-0.6307394393489032,-1.0,-0.13459063502737223,-1.0,1.8436153769253583
0.07458672374840525,-0.18388059654207578,1.0,-0.026623555051563857,0.1715455522980971,-1.0,2.211195296951224
0.928790414600681,0.7081498203931618,-0.41434813244270036,1.0,-1.0,0.4399285907334567,4.818882899259935
1.0,1.0,1.0,1.0,-0.3506780108144205,-1.0,5.11194670393689
0.05096991446983773,0.9593840890125457,0.0988122060716412,-0.6733949698978197,1.0,0.01295811213944073,1.4391823180364454
-1.0,0.7421110926613582,-0.9041430761349749,-0.10437055570005338,-0.5293775588115117,-0.007942626043011325,-0.6331094181357487
0.9383936497257818,0.3597328709296839,-0.3128258913285611,-0.27107895167209095,-0.5495962471862923,-0.3391031666541239,2.3493263552016352
-0.93560789888398,0.3149453022019597,-0.9331821582486108,0.21330505680758682,-1.0,-1.0,0.7911348482988629
1.0,0.9362075100771134,0.3540705605300207,-0.13775399009782707,-0.8833942220327047,0.32306785921407877,1.1532348391206206
1.0,1.0,1.0,0.22895481864996148,-0.14756134770670626,1.0,-3.371086140619579
0.1552988530923083,0.2758897326500427,-0.5474683476366993,1.0,-0.20536353353506975,-1.0,2.9915077985754523
-1.0,-1.0,-0.9114001137105159,-1.0,0.7862244411052921,-1.0,3.4649217505953067
1.0,0.28801023942878734,1.0,1.0,1.0,0.6154880770879716,-6.184159161474844
0.14959798325110285,-0.8113374122276215,-0.1620807673335286,-0.4675643846397721,-0.19842373954514492,-0.6428844922103361,2.3739044982851403
-0.2957856916666475,-1.0,-0.4181590883189247,-0.42101825482746036,0.49139933342509656,0.577200071245247,-1.202630552222666
-1.0,-1.0,-1.0,-0.7399802459007616,-0.10202704314151045,0.3642657993965207,-6.187731878025987
1.0,0.2115999425568844,1.0,0.5368939500499921,-0.5402393799557306,-0.5326876398745646,4.1371010334684275
-0.6344718609527658,-1.0,-1.0,-0.25529713032711876,0.21067989582719837,1.0,3.2618558912548004
-0.602008432244353,-1.0,-0.2670713894830249,-0.4242998508374777,-1.0,-0.7803489819658447,2.2944127431717405
-0.6012065252924349,-0.9671892550390375,0.1269495501890463,-0.8901977478892082,-1.0,-0.17639793932462644,2.7217717034952873
-0.2531772765725864,0.45278248545966915,-0.689858017583824,-0.7013489235758383,1.0,1.0,8.322925311750648
0.41197612800359873,0.5358216041785505,-0.7664363312005447,-1.0,0.6229706095277494,0.7002769962307641,2.3684907012367837
1.0,0.211952304669073,0.9845722656142954,1.0,1.0,1.0,-5.830775270558263
-0.443223194998719,-0.7372182777339291,-1.0,-1.0,0.5262048632226528,-0.11603572071739307,-3.100969070280752
0.3736366790889948,0.6582601072140284,0.7917593594870036,0.08087830421492892,1.0,1.0,0.5963508213802833
0.2120230976129217,0.29515517633065913,-0.9689283545298082,-1.0,0.5402571636635491,-0.03203947868945772,-0.7549906095573099
-0.1729469202438788,-0.2393704928707018,0.5506079685745766,-0.9683479097747787,0.2776710175945696,0.3146226138027586,0.030281790783028284
1.0,0.04273378697296695,0.3119365160827837,1.0,1.0,0.8420027714320542,-1.3371156753142996
-1.0,0.5346679117449051,-0.13118575665183568,-0.05889710416124494,0.6468926411711367,0.8848932679562337,5.390350041897051
1.0,1.0,1.0,1.0,-0.14799366529351277,-0.8827042518826356,1.7106845472357617
1.0,1.0,0.8485562944506108,0.5092940880744032,-1.0,0.01619786540262108,1.6412192243281643
-0.8800899425230511,0.021422068081445367,0.08689261359895686,-1.0,-1.0,-1.0,0.49493436734880425
-1.0,-0.12364810158433248,-0.405848156396601,-1.0,-1.0,-0.05533282310207213,-0.8868960793197727
0.6925655560825197,-0.1773730702870964,1.0,0.4231473665569666,-0.07409607606502311,-1.0,3.0911554414578877
-0.12150094149229743,-0.024082604709974254,-0.6704838105606148,-0.08066971118127358,-0.389397773668837,-0.2911641677543496,-0.12384212744226972
1.0,-0.18933624548319972,1.0,0.8329718528558352,-0.7596151012912711,-0.6451714448422252,4.837862538074579
-0.8657145854489334,1.0,-0.06833895223959241,-0.28692086416711193,0.2528820777480043,0.5154677760124016,1.434411110487559
-0.8376900055189016,-0.34672531687348207,-1.0,-1.0,-0.11310599760284823,-0.6449665433796782,0.13184113486376436
0.9853941200457739,0.731975511437459,0.13334870398744392,0.09456951048391249,0.9446421437873624,0.15068792685887422,-2.3316623847300666
0.33787798245776524,0.16708396674325665,0.5798291350165063,-1.0,1.0,1.0,2.0550666753381686
-1.0,-1.0,-0.5487165151865955,-0.9280850943430734,1.0,-0.6827569031753542,2.7597803080556655
0.33683054883378194,0.06815276070446175,0.9024183461290145,-0.22571458116625587,1.0,0.009014362332348091,-1.3634012089791139
-0.36276732410385776,-0.19556365953595153,0.0330168153765813,1.0,-0.39951221407997184,-0.0908888188476632,0.0016114570271848205
-0.9182718017550774,-0.3155101510121232,-0.5287829998646981,-0.539591660473176,0.09881720837710667,-0.7396236110415351,1.9799162318154477
1.0,-0.09840103107660969,1.0,1.0,-1.0,-0.8186833577285911,7.084269996456943
-0.2859810836554955,-0.2803352308251643,-0.0047395355606533185,-0.5285224624492422,-0.6253479368922574,-0.7954327850533164,0.6220561632054541
-0.16681940705483364,-1.0,-1.0,-0.05893957298708619,1.0,0.7182385567808893,-0.8388991193367397
-0.0018707680845200247,-1.0,-1.0,-1.0,-0.9436846765048781,-0.16675286975750087,2.01143507783616
1.0,0.6622410169576585,-0.5199474375069972,0.31772434599854926,-1.0,-0.49274380425089337,3.090845489046383
-0.48535549906731235,-1.0,-0.3695030286366736,-0.5252965340068488,1.0,0.03251313759886054,0.5456630032166991
0.13322220660013273,0.6864334542647046,0.7360963988134014,0.2498937817987954,1.0,-0.10821905537335375,-1.3569727792690696
1.0,1.0,1.0,0.8176535541699541,-0.16413701365162603,-0.34408209109438825,0.47192043011776835
0.1932235299613304,-0.09497706092719849,-0.3419304400371971,-0.48094932053502903,1.0,1.0,2.2420129070980876
-0.7921967729917222,-1.0,-0.06067983741700145,0.6038154441866628,0.20542156720047755,0.9662698796551101,1.544091548765473
1.0,0.11551526259008327,0.6301402722136931,0.49343793323378615,0.6897759736601405,0.5004454769004298,-1.7166337685618303
-1.0,-0.374366869812947,-0.4379348009313184,0.2297010750447805,-0.6341306297741099,1.0,0.05506413211754324
-1.0,-0.6668018863330782,-1.0,-1.0,-1.0,-1.0,4.829671281428987
1.0,0.726469925222043,0.47180493531258216,0.5264283253625821,1.0,1.0,-0.19919415337479718
-1.0,-1.0,0.1678832272455435,-0.9440438478605278,0.4904618486639365,1.0,-1.8367046840895167
-0.5289890319849337,-1.0,-0.9337714256764151,-0.16204512405067706,0.28299456504374865,1.0,2.296483783450963
-0.3375301665849513,0.8133550661094224,-0.9484263181375991,-0.16247261068735663,-0.5372516232594764,-0.5570946624908466,0.16545754532735246
-1.0,0.11134050058844736,-1.0,0.07940622212381859,0.7355350269598149,1.0,9.196175548341524
0.8827249293776726,0.8934069871356421,-0.20012606549589165,-0.054806876633257395,1.0,0.0382016300055647,-1.2127208826403555
-0.6247375486437425,-1.0,0.02107884114690861,-1.0,-0.85409966491124,-0.10389866143567694,2.8123880190107324
-0.3739759365955564,0.08109608955910275,-0.647383792545835,-1.0,-1.0,0.5417611229461725,1.6985240346452781
-0.26481985491433574,-0.906566674276559,0.7819841646851099,0.6256782051303494,0.13374810764907474,0.8567752747568917,1.3790016254244126
-0.5454122712863618,-0.5386395442019747,-0.22503312814306065,-1.0,1.0,0.48221830572100577,2.647397398026299
0.5276006187526827,1.0,0.24774274444586883,0.24412514138595837,0.7679330185814481,0.2150404517392679,-1.0887679142737738
-0.6334188636206507,-1.0,-0.7184172903837798,0.23212181607837007,-0.4998734267039795,-0.5313192700655861,-2.510351777997661
-0.9334238501538499,-1.0,-1.0,-0.2636550523751,-0.32900263301231614,-0.2375229083944037,-3.1147432558559194
-1.0,-1.0,0.8043671049174358,-0.5726452823546813,-0.6065259724321173,-0.10776444920229128,0.2081466109088801
1.0,0.7487395749978252,0.6864692903721319,-0.6109847189950706,0.814715209106694,1.0,-1.061346222947131
-0.31084247672944887,0.36534888550717903,-0.5640931420280232,-0.23993247429172376,-0.2316067844826637,0.06954998846356852,-0.9592501448310705
0.7829848656797218,1.0,0.3242658048504923,-0.35498538247361755,0.21700624941215937,1.0,2.6789012930792375
0.5098921135259711,0.9914557972403248,-1.0,0.12547010556849397,-1.0,-0.39480255578836554,2.838048921413394
0.6566793989782995,1.0,-0.7579079327590699,-0.7408930690169493,0.7966857554478913,1.0,7.249053904530371
1.0,0.5532360641263134,1.0,0.7745482503006513,-1.0,-0.440190196704783,5.988781414534749
-0.10605268412491509,0.6470532854592355,1.0,0.26334878217731894,0.6027316011646641,-1.0,0.37309058922062954
0.235209944420904,1.0,0.8550715671233241,1.0,0.24942524955200784,-0.5662934740172147,-1.634797946415286
1.0,0.2423813659767886,0.8611675081709386,1.0,0.15703590264397085,-0.37193833240346563,0.4761911097441459
-0.2709642746448774,-1.0,-0.3781922870400473,-0.5438447795625092,-0.7378263939894929,-1.0,3.7286240831620545
-0.3003222754533269,-1.0,-0.755958563024009,-0.7702834250464503,0.7952483538557604,1.0,-0.001914016257523965
-0.7356461318708624,-1.0,-1.0,-0.80743814611435,-0.43319199473838377,-1.0,3.3048479004085043
0.38206938047830563,1.0,0.1397464955404209,-0.42509260248549074,-0.9696249442143652,0.010382953326737401,1.5916467631765423
0.06297422482624415,0.3594535258830317,0.2688823435342035,0.8125867841322469,-0.06583743060179437,0.6801590491561207,0.25991962016533204
-0.30136049282720045,-0.2198931488267268,0.3109308755030714,0.6639622732203116,-0.24872313057462914,0.27642072427030073,-0.5972011229312233
0.3969431969561931,1.0,-0.1469632475218317,0.3500112318135145,0.07984486306344352,-1.0,2.7811704870337586
0.17718661357381527,1.0,1.0,0.47870030501747074,-0.928987586522591,-1.0,-0.6489603746181459
0.19382570898743678,0.6471154917791127,-0.6995359823661115,-0.7565568087952939,-0.8884772155417142,-1.0,0.9018746720227043
-0.7706426490586713,-0.7528256412468808,0.3490954388363301,-0.46423882561439145,-0.7955226440407193,-0.6854693358444862,1.2035479486258047
-0.6772283318554919,-1.0,-0.8863459657391453,-0.4701667330235013,-0.8761889137063861,1.0,1.385239893174312
-0.07796303118860035,-1.0,-0.38785837340275287,-1.0,-0.3788546673469806,-0.4794534953666676,2.3287568823311693
-0.09217832800677311,0.6196918058434416,0.6933785787730449,1.0,-0.1793339366741843,-0.07827524986791573,-0.5816969114780435
0.4808195662694788,-0.6178445681174828,0.42010544965882096,-0.6802756492958817,0.26362876152803616,-0.43430744107547237,0.9695943497307955
-1.0,-1.0,-0.6816157562560252,-0.5092595187521514,0.9634775993752211,1.0,2.2868107940552873
-1.0,-1.0,-1.0,-0.7671047113635205,1.0,1.0,0.6478938381423383
0.45787969246564614,1.0,-1.0,0.6874367772555923,-1.0,-0.3403679893226536,4.898206929589207
0.20937820880754154,1.0,1.0,0.3132592509317052,0.42449189184748237,-0.09315978825355142,-3.1975140320283284
1.0,0.7250187127861585,1.0,1.0,-0.26949259272652404,-0.7097602691437371,2.803881825886395
0.2242849273856226,0.07995308688787872,0.4281180305379449,-1.0,-0.9338717859612216,-0.8200468402216754,1.853840974550846
-0.09202517443110336,-1.0,0.12543908942042792,-0.585751939057362,-0.3759097394774792,0.5032987247803097,-0.20100465389102262
-1.0,0.48957314575727623,0.22584756758706126,0.7664521899542469,-0.7271463116653829,-1.0,0.4949472117380726
0.5751940684834845,1.0,0.1488586934447761,0.2500188376392121,-0.5187933994465993,-0.30700917407180084,1.6926083651276764
0.4387522988488396,1.0,-0.039191003490760046,-0.935067795886799,-0.1672988110386211,-0.28592324808047453,0.3511420989066646
-0.8141259836604657,-1.0,-0.7276826616572601,0.7742473173185106,1.0,0.49367867516963004,-1.3858143339225486
-0.0033581318659399173,-1.0,1.0,-0.7913227311910433,-0.027306548091785232,1.0,-2.7282617211195066
1.0,0.7004399682772202,0.7013519061107554,0.22574269213916842,0.24726586601614914,-0.6151769208640793,0.2843841683692222
0.6774466932147987,0.4300369584865345,1.0,-0.4549230438868546,0.35466926157285833,-0.6950161556402282,-0.7586131720251407
-0.9197115616035088,-0.3133184515306454,-0.10881130541664066,-0.8017444017999211,0.7063368481379895,1.0,3.5046714012987126
-0.4092811130808295,1.0,1.0,1.0,-0.9776063021328256,0.35172144607931366,-4.424744134501707
-0.8064451998540957,0.3202692192088046,-0.01031679776390576,0.3023579543995517,-0.23336057513564723,-0.7726436893975142,1.3817907170871144
-1.0,-1.0,-1.0,-1.0,-0.08346451137782518,-1.0,2.924276822230804
0.4846807907076306,0.49715534954610474,0.35032334196305404,0.06779721671558542,0.33138353415897515,0.253711256399015,0.19599576216255843
-0.9460404471917236,-1.0,-1.0,-1.0,-0.6544688286685774,-0.9883375188153564,3.560211336748947
0.7327348389375883,0.2225972017903819,0.5158051522883345,1.0,0.4921274939490026,1.0,0.5783444476268785
0.48521343279736684,-0.7960704690008186,-1.0,-0.38135311444491987,-0.04665521826857233,-0.1873021952649375,-0.36329680572969936
0.1640674141027258,0.30230285339428004,-0.7626689934816637,1.0,0.3459429762950872,1.0,4.316913752238348
-0.03466690839962405,-1.0,-0.6162771430540888,-1.0,-0.9593140205479084,-1.0,5.976389502281296
0.7867712053423068,0.4531626033030216,0.2285935557868104,1.0,0.9714816642163592,0.2636825038766484,-1.6645150034093095
1.0,0.2518967295492285,0.7917176068535949,0.06627378259694383,0.3903069434880257,0.6502369362974336,-1.580468176602623
0.5427971105927761,0.3338726454370595,-0.5513453961380157,1.0,-1.0,-0.8644806411786654,3.8711714556550096
-1.0,-1.0,-0.11890784547149492,-1.0,-0.51647887520192,-1.0,4.04221411156704
-1.0,-1.0,-1.0,-0.3863800977592987,1.0,0.06254371857249713,-5.198829468848839
-1.0,-1.0,-1.0,-0.5723886128676028,-1.0,-0.8632441035158958,-0.07212398237312856
-0.1049306882016472,-0.3241976588192437,-0.05091661197202324,0.03601007999812311,1.0,-0.4414398251240626,1.2305554598670236
1.0,0.5149869651625141,1.0,1.0,-1.0,0.8268601136503687,2.9774943037118686
-0.2925908018989414,0.8919874385664702,-1.0,0.11261855422420894,-0.5579876501668908,-0.5125326960775961,1.6874213815622456
-0.07873725499964163,0.055737346300991364,1.0,1.0,0.7839414233747998,-0.2927459862127465,-0.013190537832694527
-0.950035139907911,-0.7806443907221342,-0.8853877739370338,-0.1918384034981847,0.9934133507354754,0.7787913730869604,2.704413243173988
1.0,1.0,1.0,0.5249221654808884,-0.9464699188896236,-1.0,6.026734116320126
-0.9072883371114434,-0.980562439019297,-1.0,-0.5503990222146514,-1.0,-1.0,2.693626787279596
-0.7416792638935927,-0.1738093889350094,-1.0,-1.0,1.0,0.6334034374371518,3.1486213821846514
-0.4217385243639329,1.0,0.8853506037092693,-0.5961286773545295,0.3258573721885249,1.0,-1.7313479708599284
-1.0,-0.9621522607279316,-1.0,-0.4561906813557531,0.6735998598163844,0.206176017806242,-4.855245096238328
-0.24855972781451263,0.45526029701673676,0.006547680291630553,-0.577257566314153,1.0,0.8140177031075141,4.6559533440177905
0.4097765571109344,1.0,1.0,0.541702541782423,-1.0,-1.0,0.3508597634472137
-1.0,-1.0,-1.0,-0.43641919361476944,0.9537595175173299,-0.926889970079384,1.7243017212984684
-0.28907531613302717,0.4156287032320632,0.10844991874363376,-0.5285128587900936,1.0,0.18352726887738635,1.4907347409498735
-1.0,-0.9788719679154916,-0.3045406505185142,-0.19846539685115117,1.0,0.5191052141517325,1.6495953350270502
-0.7288691356493061,-1.0,-0.41238531536851886,-0.3996230597225663,0.5042578406543459,0.3641772048833084,0.1059924498701903
-0.8846340435343442,0.010245977862393618,-0.08179211476496007,-1.0,0.4335180387193913,0.3739074201075555,0.537335305754581
-1.0,-1.0,-1.0,-0.228699376195455,-1.0,0.3761801678706698,-5.310470624372549
-0.3582532084189298,-1.0,-0.35305655956825954,-0.0649883482188911,1.0,0.06873699549335922,-0.6456705859981561
0.19355555317430312,-0.511943467328176,0.14633079700289714,0.20589678119148902,1.0,-0.15285750543660925,0.37725381469425545
1.0,0.7213721141114589,1.0,1.0,-0.8614521167064875,0.4070558659336583,2.7501976539148347
-0.6210587372022387,0.5956618096842766,-0.7280306097689813,-0.008079553848791887,-1.0,-0.4136962390470136,-2.410293648749969
-1.0,0.033256640720611186,-1.0,0.15228254685951992,0.3635071482803932,0.7556670789166188,4.678429047390126
1.0,1.0,-0.2749225043098581,0.8530960402779129,1.0,0.7987224538371694,-0.7271140098938703
0.8791697750752909,0.084751350337962,1.0,0.08822999741778492,0.4957959113718292,1.0,-3.640016484575559
-0.03668597067791922,-0.05600964183992422,1.0,1.0,-0.1372344762467872,-0.004028406938208606,-1.3217256844965284
-0.7660123773314724,-0.4790798480706604,0.9567387554055886,-0.7740396688896436,-0.2229427597040562,0.20109939354774148,-2.7544818610306847
0.4763105878102295,-0.445893757566853,-0.4850080508881832,-0.272866994103233,0.21828993394243656,0.7979506396458766,1.4066363567454117
1.0,0.1217070652550612,1.0,1.0,0.4124214895983436,-1.0,-0.05758706533456906
1.0,0.22868552284562624,0.6682355150539104,0.023832846142055608,0.44095496995439704,0.6693769942485605,-1.6918022099826895
-0.442196232229077,-1.0,-1.0,-0.7537607940121833,-0.48722166798066313,-0.4899843196325563,-1.2905976185873436
0.5236676462993852,0.5282554226446461,-0.9455800600251603,0.16875226385505399,1.0,1.0,4.471649554454824
1.0,0.13382840126029327,0.7484396945217858,0.6068464790707403,-1.0,-0.13294640218719586,3.2956526898844127
0.08029794000628732,1.0,1.0,1.0,0.7615786963239365,0.44735725656443254,-7.212950697634609
1.0,0.06784954347491146,-0.07751691097089997,-0.45141472830738916,-1.0,0.34485889698546546,3.2399440740040193
0.20030589778993368,1.0,0.7720784113581447,0.7988977504284334,1.0,0.09350132008308987,-2.957107793953433
0.36680366133619885,-0.722427651737058,0.8720551000877113,-0.3702573668990562,0.4546909719944237,-0.9262871148122653,2.9680766022419593
0.04039238992323346,-0.20353581085993622,1.0,-0.46783310655145527,0.38593010070653644,-0.665259198981561,1.2382218719135092
1.0,1.0,-1.0,-0.19830839079536933,0.7116635670472884,1.0,5.901456890003437
0.8052202579064012,0.8526431337898477,0.15140002055288182,-0.4571721929416739,-1.0,0.7050589054737184,5.954979957425229
0.5942380370683058,1.0,1.0,0.8928972499136634,-0.058318442967134176,-0.9231051363113598,-0.10877230980686814
-0.14585855383546542,1.0,0.17521327972920442,0.5239096145652624,-0.4589731782523323,-0.24571666474388199,0.37197986579730236
0.9127348836341526,0.3900041808277044,0.47619750301177044,0.5747573546797216,0.07073689439994635,1.0,1.1745751657156198
-0.9613537194099816,-0.09060850026666156,-0.05658162523304999,0.7522936273642036,-0.08995442270518728,-0.9299369687012156,2.217185642805295
0.376398099198084,0.6088312446684854,1.0,0.8715790279584441,-1.0,0.24096478586251213,0.36985716326595275
1.0,0.63311944207338,-0.42927777091115804,0.29321716227809835,0.5291561872795629,0.525989498490451,0.372733943064291
1.0,0.6824914248850626,1.0,1.0,-0.2564770137956536,-0.3623913179066389,2.140823668482887
-0.6940047878802674,0.45999543086379785,-0.4525001416911158,0.7261104738301271,-1.0,-0.05042995338012379,-0.886352609706421
-0.9604934880128173,-1.0,-0.8206646125328725,-0.8526609664309874,-0.8589465533988473,-1.0,3.444212014269604
0.014354998129524454,-0.9234755409286362,-0.10723307012208522,0.1689414755047875,-1.0,-0.17639001888903794,1.030092452987366
-0.3655993338094491,-0.5950892906126459,-1.0,-0.5250698799824498,1.0,0.09186139669795113,-1.443184684186055
-0.9906196110974506,-0.7394246339759716,-1.0,-1.0,0.9205703580628971,1.0,2.6955042658986432
0.8196576007137801,0.8244361915426642,1.0,-0.39518631647803154,1.0,0.8183382129787717,-3.3004653901446726
-0.8729102031647494,-0.117071033264816,-0.2609601041144839,-0.26562397832453966,1.0,1.0,5.706068128157562
0.29771616695042435,-0.4074678814887607,0.27630064322129677,0.8024345111872007,0.6036517860268192,-0.7418038433649112,0.6969761770499172
-1.0,-0.215249221002863,-0.7405473861842133,0.7269859523595396,1.0,0.20186723419550803,2.150966318851532
1.0,1.0,0.5289529431135889,0.24374636900451607,0.5064715482211609,0.9224242006130097,-2.0211323322216104
1.0,1.0,0.8881861234597264,1.0,0.9162087861606772,-0.4207977999943404,-4.874313659275015
-1.0,-1.0,-0.8474209724787243,-1.0,-0.06200797522265433,-1.0,3.4159188006269514
-0.4511844343650651,-1.0,-0.10149299746560869,-0.870513426038209,-0.9971791361515894,-0.5527139025239994,4.482824004554052
-0.7458137845439425,0.4073749691544437,-1.0,0.09414911358006972,0.1463356455750428,-1.0,5.596158164757352
-0.3605144600332112,-1.0,-0.6546102447649657,-1.0,-0.7846436739733116,-1.0,4.7443397459675944
1.0,0.8346964579704995,1.0,-0.47909636272515016,-0.5186216572223272,0.9386470667270095,0.3478704048703468
-0.7113985611210535,-0.3607190849343731,0.07671154598760752,-0.12951314501108102,1.0,-0.47883010915657315,2.653534173979447
0.8558624472691885,0.39237933995808605,0.3051421678907897,1.0,0.41463434269146615,0.5193680780998104,-0.3251000697425446
0.2927045746224627,0.7557005690039038,-0.15571199202992658,0.9737523405622578,-0.9245090261046496,-1.0,5.68481211053525
0.2787680780547053,0.9305952677373714,-0.37288954764677634,1.0,-1.0,-0.45273971375892064,4.83998243199346
-0.3490974223072344,-0.055365062337472626,0.1140496920362902,-0.7337529012762494,-0.4167216006666177,-1.0,2.941881671905283
1.0,0.4834390941218485,0.6542232672308059,0.016870421825838977,-0.7176090611437532,0.9157680005133179,3.3123200049464634
0.05962560369594305,0.15394785486972018,1.0,0.20373415633404934,0.09965822391306167,1.0,-0.40457635220912513
1.0,0.6415463694324794,1.0,1.0,0.8639441798251879,0.25621970057381915,-6.2042205035900375
0.20344986366142814,-0.1960352899647999,-0.5938254201070519,-1.0,1.0,0.09024849491918152,-0.008366447377927466
-1.0,-1.0,-0.4297392994394167,-1.0,0.5505381398928482,-0.40748474228135156,0.2032850512348584
-1.0,-0.608454335135305,0.3987187972275662,-0.4647038677609384,-0.7797107959334272,-1.0,1.8240050597857205
0.1491581359343475,0.5535693169639753,-0.24239223539628302,-0.3595870269499425,-1.0,-1.0,0.7793128237120286
1.0,0.6730061608964735,-0.7113379984008918,0.031726888132409134,-0.4802019783776643,-0.23385723309323558,1.6290550179709098
0.07481125629661256,-0.38028037798977987,-1.0,-0.7368563834333113,-0.553130778424292,-0.05659733845437731,-0.9366419781690738
-0.3917236711247146,-0.4341668757962118,-0.2598039307540343,-1.0,1.0,0.06590198671709602,2.5800307714492434
0.05924837027691421,-0.2648675858680175,-0.8571438139851675,-1.0,0.9379500931906104,0.8668374245173036,3.4158251455432604
-0.13836257496681337,-1.0,-1.0,0.4641901679016266,1.0,0.45268502600279625,-1.5219074494862008
-0.5868472107840288,-0.4960963011531643,-1.0,-1.0,-0.9245758411703483,0.5237187941353451,-0.37013155219876814
-0.3097452332680166,-0.4517849303243346,0.27310191894649344,-0.587595582451431,-0.2532127767823551,-1.0,3.658813585864416
-0.051434813796114476,1.0,1.0,0.7410521726697028,-0.78082503375173,-1.0,-0.03742607375863477
-1.0,-0.6101190962768559,-0.5752618706208494,-1.0,-1.0,-0.5881078069773475,1.5376200115725225
0.25436870914267007,1.0,0.0819367056054201,0.5983809923313574,-0.12462798098178432,-1.0,2.6708437894254566
-0.5789591665309286,-0.45087699334694964,-1.0,-1.0,-1.0,-0.45855678459585847,-0.8416866473156819
0.5010570250040451,1.0,-0.5371895714127803,-1.0,-0.8152077705434655,-0.9758950172186067,3.750910260064666
-1.0,-1.0,-1.0,-0.784887490905483,0.06035746115830057,0.008733889493101776,-6.164535948751415
-1.0,-0.8328557341369418,0.560795527372541,0.14267966494888168,-0.5274069298588971,-0.4137244932564462,0.7132699698809384
0.9054795660286326,0.22570220433850596,0.9995541272351589,1.0,0.6704758371609539,0.306674800789385,-4.422332914932936
1.0,0.990009198012308,0.6177521783842439,1.0,0.553626911115476,1.0,-2.7390123018988515
-1.0,-1.0,0.7921703228252619,0.4000609833498279,-1.0,-0.7004539798142102,0.9252024668717853
-1.0,0.14844870130827853,0.3241499612170903,-0.09975106525297339,1.0,0.05171856867506719,1.9628570354581711
-1.0,-0.8171276435731547,-0.32119682568188823,-0.28649651466144266,0.17761847109368822,0.5675064907405727,-0.6068755632206082
0.6600419578406218,1.0,0.8892871007003553,1.0,-1.0,0.8448697243458244,0.6411455324217554
-1.0,-0.5798261625720632,-0.9981159517826883,-1.0,-0.26333047998237213,-1.0,4.6811587572080855
1.0,0.6710287188896162,0.6514234490017532,-0.3641595899276071,-0.30842156049112823,0.08951918085574562,0.8835723588323166
-0.05101732440918172,0.3356916585226901,-0.8035723886722146,1.0,0.950600501595804,0.5234563651499232,1.179775502754916
1.0,1.0,1.0,0.06308554088481677,-0.8308655162987919,-0.576896018189002,1.7984870751712125
1.0,1.0,-0.19936480810018817,0.5876322040583203,1.0,0.005176902590083465,-1.821220003625855
-0.29703620697755895,-0.1017497266902645,-0.2591033941316165,-0.4236100035044535,1.0,0.07956166590947467,0.7016251663683052
-1.0,0.36213909425292673,-0.26332242932983296,-1.0,-0.49901237245742947,-1.0,-0.7156753785724443
0.2563998957756217,1.0,1.0,0.8907760137195104,1.0,0.09535778687825602,-5.5484933279708475
0.08885467701360339,0.7705576313263209,0.6798537790125777,0.11276344014969264,-1.0,0.22857423467662408,-1.129049479073164
-0.8153244895548035,-0.5799358438966112,-0.2891268183037574,0.19743917793208912,-0.015327562639017633,-0.7333972666801865,1.3887629601287839
-0.25979139768616755,0.1719747151989977,-0.531670898581279,-1.0,0.58694258675553,0.04084617913061195,1.2396973940484068
0.8755972818810792,0.2833620644429524,1.0,0.09226051959098869,-0.6516868984486175,0.06246041810639444,1.9106610911115633
-1.0,-1.0,-1.0,-1.0,1.0,1.0,-2.1366977796888613
-0.11171114625032133,-1.0,-0.2698656699360956,-0.07725386119328936,0.06731310681237214,1.0,1.1868432760026788
-1.0,-1.0,0.1908545896099728,-0.677359228559717,0.4921870057698936,0.032338425858205566,0.8300039797511081
-0.5038180801109954,-1.0,-0.7882270247137302,-1.0,0.6868180456202195,1.0,-1.2435831205081298
-0.8438622094082785,-0.43015372186149425,0.872232524269334,-1.0,-1.0,-0.011591506214821412,-1.6361587527600867
-0.32510230013126595,-0.5283703885546418,-1.0,-0.12626372474075973,0.9486293516718547,-1.0,2.979884938841223
-0.9187864910268168,-1.0,-1.0,1.0,0.6459910858068902,-1.0,-0.9703482206916725
0.1154946806292379,-0.9306656994280769,0.21765117836861814,-1.0,-0.9157593061566572,-0.46469302038340454,7.503267920054397
0.22215917715955835,-0.20690443394479294,-0.2724451125144899,1.0,1.0,1.0,5.75732126111534
-0.56809337488944,-0.2908684249586455,-0.6217189056317958,-1.0,0.6317333175881017,0.8157946618179689,3.3661168972363207
-0.935161182799694,1.0,-0.7713127656969326,0.7449038509670366,-0.9140249487815442,-1.0,4.626360344461901
-0.2662715249406015,1.0,-0.38981585742667696,1.0,-0.40254814842672126,-1.0,4.550388530656729
-0.3885903637729733,-0.3486925816475868,1.0,-0.6605907473020094,0.1823473466091744,-0.441964089488058,0.48146609661952633
-0.5870863976247669,0.18679217429709516,-0.9880715153294038,-1.0,0.6090438563498148,1.0,9.233447242702074
-1.0,-1.0,-1.0,-0.6588327403466088,0.5532113796679501,1.0,-0.44544703240402717
-0.09421853371691968,-0.6320106668966625,0.29442781809994,-0.621282692356941,0.3258088576084244,1.0,0.6985478618058597
-0.21348569667350814,-0.033967646569791454,-0.5592499375861237,0.021273102017046963,-0.7346206102414108,-0.6756886006211946,-0.5338989783382354
1.0,0.4375670122896624,-0.06632005331496815,0.05109643491145388,-1.0,-1.0,6.902862223307394
-0.08256202784273381,0.035798020215724646,0.09467166727071441,1.0,0.4786190801454696,0.8837236135033416,2.9920240727967307
1.0,0.7919969201384316,0.5734849126933963,1.0,-1.0,-1.0,10.066661750115138
0.6772059259111289,1.0,1.0,1.0,-0.18885979646456896,0.8903006975942118,-4.089526666085008
1.0,0.13968713392010473,0.8572254576217884,-0.9427373325905399,-0.6470891035270612,1.0,3.8417338066168414
0.05946439599120068,-1.0,-0.28056159199182973,-1.0,1.0,0.9434014925892299,-0.8110617426527591
1.0,-0.03124417006759672,-0.041593638462075644,0.6558396384256111,-1.0,0.22082964349865952,3.819567652349713
-0.46761765815724343,-0.2105351106975707,0.7157717441270299,0.11525750463008866,0.688747660624469,1.0,0.7911226414761111
-1.0,-1.0,-0.4610542712483589,-0.008573526592489833,-0.5709964958794993,-1.0,2.3263028160375323
-0.6246480090554176,0.5799978936465155,0.17141869716457098,-0.4498594932253349,-0.05645232381064402,0.6506405794680332,0.7238734598585752
0.031391085485843406,0.7350500386392056,0.229641494989691,1.0,0.3016700145313681,-1.0,1.9903148867343035
-0.17130837657306808,-0.3587638307249105,-0.804626702945672,-0.5320785512929926,-0.12573765124295044,-0.810768952805247,2.2496107724980883
1.0,1.0,1.0,1.0,0.6688504296636036,-0.36254648752067115,-5.139262234151871
-0.956579008336143,-0.6654711257605559,-0.9621963995816143,-0.12810157993443683,0.7306151952571729,0.03875707592146682,-2.0660123791437077
0.8021198597638017,0.1345045341773824,0.8489578169719371,-0.35843534332788535,0.7215685574428752,0.01918831841005586,-1.9426834040423584
-0.9546131633587316,-0.6049583418684386,-0.7277246152049879,0.2282620583538415,0.1712384580714139,-1.0,4.368471483886899
1.0,0.7328792461747655,0.3939872307932454,1.0,0.840061125114742,-1.0,1.10181955933176
0.7938277105022036,0.08521994414109214,0.9371119013371276,-0.7218478760377243,-0.1573252650122034,-0.3763094473943601,1.307460964850438
1.0,1.0,1.0,1.0,-0.17695717585451057,-0.935810016295481,3.2527735310727213
0.4154402146728833,1.0,0.28875599943086316,0.7058004727718593,-0.2216040052643069,-0.07435154995625703,-0.07103803915286797
0.055655074099368484,-0.28709386462791514,1.0,1.0,-0.43955008540268614,-1.0,0.5038432306158865
0.031530500643839554,1.0,-0.6600945535096088,0.8459162645215431,-0.5368013521072558,-0.8177943186624632,4.782042901471999
-0.5686680072459578,-1.0,-1.0,-0.05234686549669365,0.35441389756449054,-0.2661786038577195,-2.7882851494065815
1.0,1.0,1.0,-0.09783202633667887,-0.288738807534141,0.5433277399612775,-1.1862830042083785
-0.2339135241745206,-0.09951171894733152,-0.16598844018833359,-0.944353332160115,0.27746671321911953,0.8512494105536925,1.9129942119842878
0.40440670728409167,0.5358067095052734,-0.3990405310966022,0.3269554957431449,0.5527559729424143,-0.6453906212331959,0.6696296173331912
0.664229529381944,0.23812998172361544,-0.7242613532513067,0.4566957591383979,1.0,-0.02185642998311285,-1.551763180087361
0.4975658293533285,0.5569849693231015,0.7569881146998088,0.46747895010849305,0.6123261326023386,1.0,-1.670264299484541
-0.49078714288329445,-1.0,0.41424588610114077,1.0,0.40421071058358726,1.0,1.9286846263206372
-1.0,1.0,0.8235742677597484,0.2671475295642424,1.0,1.0,-0.4432860684642831
-0.551335865996145,1.0,-0.2561352115750577,-0.7224781506959639,-1.0,-0.07175821180760389,1.937567205919112
-1.0,-0.5844322722779994,-1.0,-0.46553807515124174,-0.4986968749705896,-1.0,4.7007784187454185
-0.45390270133707405,0.14930184592204326,-0.6789673062545623,0.6400745501005394,-0.5550524439918209,-0.8425120038913063,1.3494533828893729
1.0,0.11595907502818292,0.07764781672383947,0.8248757043998756,0.9211504781783588,1.0,0.4643555063174379
1.0,0.25561079559170363,0.771420967259272,0.02847055916518937,-0.9795549550854699,-0.17937555511577197,4.87179102309933
0.43320717771477524,1.0,1.0,0.7085525277608418,0.18868289584860487,0.15583452763638705,-2.692005232588337
0.3490588864014689,-0.07061796419491684,0.7329099160235353,0.4866158070056278,-0.6720184659139432,0.059299592923045666,0.4181225701625584
0.4018298350371391,-0.34414848409574494,-0.1700164759190997,-0.0892971666572398,1.0,-0.3427303357074267,-2.1403978977480422
-1.0,-0.21928073545091098,-0.6625821826000456,-1.0,-0.7087580924074295,-0.34512469500980747,-1.207702014609146
1.0,1.0,0.15927254777628708,1.0,0.44139809630916704,-0.4533557467781827,0.9418727152936927
-0.47154093654172347,0.19467503510106646,0.12656466782065023,-1.0,-1.0,0.8521114351935144,4.016570193940571
-0.5889165603056489,0.8501804135099974,1.0,-0.911256915312064,1.0,0.9369839021216231,0.5140954599770146
0.12290692912381496,-0.7780194942466483,0.1401958341116887,-1.0,0.17435484180686445,0.0961933102419712,-0.7945345047056436
-0.12245667117501013,-0.5525148538378932,-0.6509995374953597,0.07701100251836623,-0.189865146084493,0.8555429983325388,2.235584308722
-0.2869981534854771,-1.0,-1.0,-0.8482075892768932,-0.43423284961255193,0.14666342948859182,-2.874312087710261
-1.0,0.24696732134483745,0.4055867388040756,-1.0,-0.8540099064270656,-1.0,-0.6093400105968119
-0.542075204389082,-0.337190561788941,0.5653069524372523,0.11046607247343321,-1.0,-0.9896493810153483,-0.44882073495091546
-0.7095898513087235,-0.9551017452745469,-1.0,-1.0,-0.3077794597046133,-0.4566385044456967,-2.803924658065116
-1.0,-1.0,-1.0,-0.5007276336163073,0.032825614958723826,0.008225587200019202,-5.448943952529225
-1.0,-1.0,0.36684863526165434,-1.0,0.3274665603104919,0.6256467274919778,-2.728236607248234
-0.38892950085786027,0.21373575940600947,-0.3582569498908683,-0.4872523792788471,-0.8283316634831207,-1.0,-0.5273638714449485
0.3841297601041487,0.2625701806552281,0.5765676030140792,1.0,1.0,0.1442369739037086,-2.146644596173875
1.0,-0.26801875399219477,0.44934928608953306,1.0,1.0,0.1929619893817962,-3.3937690160942235
-0.5075746782218145,-0.36848602617241555,0.590325039452986,1.0,-1.0,-1.0,1.6641551890019355
0.02289461464766987,0.14938209853192852,-1.0,-0.07927569537277157,0.6742651103855211,1.0,6.657251175935654
-1.0,-0.3631765038831136,-0.326773435827328,-0.7816790566524023,0.11872417608047581,1.0,0.29409320614129
1.0,0.5294285902147644,1.0,0.43348449993095417,0.31663609957853045,0.789684803498957,-3.504208609920105
-0.5155862196802548,0.837422278284284,-1.0,0.49963528590460693,0.7034346439493756,-0.2878848385090135,0.4598269419237493
1.0,1.0,0.512641477420299,0.3192183396615922,0.12972973539341737,-1.0,3.491057244544707
0.2035278794452534,-0.22789556106973063,1.0,0.8245285213883126,-0.5978183704452518,0.7180451723148695,-0.46884459096488174
0.11573607194538635,0.21032508042880355,0.6015294970493454,1.0,1.0,-0.12496068408779519,0.46718713154460434
0.07609094718493792,1.0,-0.25413019839873807,-0.284621619921369,-0.3740142121557446,-0.5135999080084873,0.07315001296035856
-0.07690767191431341,-0.08163964568015669,1.0,1.0,-0.7584741105702462,-1.0,0.8603973661724638
-1.0,-1.0,-0.3662348456119626,0.6445159930595032,-0.2301869432949637,0.38641880962528014,-2.135643865578781
-0.7723382212207204,-0.6683291274648966,0.43671031566633145,0.45721470579395773,1.0,0.8282283118394634,3.148421494266319
-1.0,-0.31619578565810214,0.5792307856586445,0.6237935510968976,0.03150205562442232,-0.05566477588416631,0.593079969669822
-0.39725628121469564,-0.30193837119727407,-0.8624111256952762,1.0,0.39745421487195365,0.6134856165524272,0.9591958951685942
0.8869492121042841,0.5396659730303517,1.0,0.9364682118376333,1.0,1.0,-6.0048576462293335
-0.39368574487703234,-0.35020153484675354,-0.5639224438102941,1.0,0.8235952107747648,-0.03968938088549179,1.7036480849944162
0.09441623767187945,1.0,-0.1952513950181903,-0.2199044601218857,0.5228484595647223,0.8489563128719964,3.9356949833801163
0.5890776017482767,-0.5853513328283229,0.007186081230625363,-1.0,0.5744424018470384,-0.25100147911051374,1.0256599395324608
-0.2939227073747339,-0.517087384142273,-0.21587200334683376,0.7166143597650356,0.044451255815405544,0.46799953444176545,-0.9218268088210895
-0.6382706470335494,-1.0,-0.6357086983191498,0.8650686943729469,-0.4837948742829983,1.0,3.0694893586526275
1.0,1.0,0.9415018314753933,0.9637871965744755,-0.6751388392949128,-0.7608069816178502,5.047111840720639
0.7423243946044746,0.3474967530199237,0.5621749763968634,-0.524317888913526,1.0,-0.45452478637696564,-1.1103253751487623
0.13219009961649664,0.09428807930676553,0.10085964219197169,-0.5069917544423532,-0.37376445603283726,-1.0,2.4525460569003026
1.0,0.09046550274669668,-0.25037366762247887,1.0,0.21491588309931786,1.0,1.7093824795325339
1.0,1.0,0.8971050333070922,0.4053716747865197,0.5605069271192281,0.33844835508332904,-4.888989734688663
-0.5514649747047954,0.3525863044476904,0.3899418246847828,-0.1247464903714414,-0.4364605176683305,-0.3741604890864314,-1.348677986105357
1.0,0.17557078876353005,0.0761298091958102,0.4551978518409199,-0.5571900326638612,-0.06756136985499661,1.5758795223893252
1.0,0.9211934021839137,0.3114733780697043,0.6666335098220108,1.0,1.0,-0.7277699715893122
-0.086012672128853,-0.04758348530637818,0.028967838322418088,-0.23351455083028105,0.7911139901776749,0.3775688514195368,0.7106000589140442
-0.3750414462441716,-1.0,0.4668764368181102,0.4774279752643631,-1.0,-0.4178080399935712,2.0196713128155235
0.05244158941606458,0.6116368066740177,0.9708584878397886,0.9280934438574338,-0.19816840685987502,1.0,-2.5474974883575663
-0.7817465247223923,-1.0,-0.20503955185156686,-0.9248732213974176,0.0048405512061885925,0.05012363837087119,-1.4281325408956336
0.9219522555612479,1.0,1.0,-0.6236466974397742,-1.0,-1.0,1.799421177672458
0.8023673502821622,1.0,-0.112007068295632,0.45327795161477147,-1.0,0.2595905889843806,3.669459505493364
1.0,1.0,1.0,0.632898105185794,0.7989622843571613,1.0,-7.6015072955176795
0.008106190180433848,-1.0,-0.4354055484173929,-0.3746886410330108,-0.7599875257365811,0.39371576663164365,-0.6053918971579233
0.6920507544192642,0.07641608803505706,1.0,-0.558544991529061,-0.3850059969959446,0.35238663335681175,-0.9368416293657965
-0.13203724721849894,0.02428422442605993,0.5774655640904105,-0.207598924953032,-1.0,-0.3574367109654476,-0.5145440041951085
0.5733074797784159,0.38220749041295865,0.8681755510512082,-0.42225973466661915,0.6777821560755797,0.941548768219915,-1.5047757076525448
-1.0,-0.603036349959075,-0.2852189648918545,-0.8983140052679429,1.0,0.47155436378725596,2.1074496181127005
-0.6588647146943309,0.529365961185302,0.501800288753678,1.0,-0.553965672492626,-1.0,1.584756529753642
-0.11540865597953975,-1.0,-0.527436844818089,0.7026286733172762,0.588732092038605,1.0,3.0612041615054637
0.8695863780273533,0.17549787467654787,0.10761438995784744,0.6664756605751103,0.7276508328820368,0.9539138585061389,1.1381729854641374
-0.44284469424928785,-1.0,-1.0,-0.2805788832120145,-0.7115476527602168,-0.4186366876122948,-2.0789557939998273
-0.5956328460988163,-0.6888982528801915,-0.5822928219933019,-0.9279519285227185,-0.5912895883914265,-1.0,4.04098341164677
-0.3596081441282238,-0.4558378230231432,0.340733656684327,-0.8855191763193295,0.7095820678956566,0.11418547411046354,0.54564802786295
0.0725715533318958,0.14206322037977914,-0.5847219006574416,-1.0,1.0,-1.0,2.8138506745872585
0.46762248619681307,0.16236757184635534,1.0,-0.23424561553556492,0.024747415308296328,-0.573100276437714,1.3598603288051017
-0.7461861344830546,1.0,0.04324735631487475,0.3914055655497506,-1.0,-1.0,-0.9958173877001528
-0.3277414979860732,0.48949757053203224,-0.2200243029277967,-0.5610409163404952,-1.0,-0.6529200731597176,-1.3505373059627672
0.8653614240432208,0.17459488324292033,-0.10567267962289562,0.5748577362625833,0.17298328337788227,-0.42690059431780664,0.24627100815978037
-0.10148729557982372,-0.4820876105256397,-0.021819932512873175,-0.5392710575053034,0.3348202782091654,0.960073494894858,1.1065005390921803
-0.26222641002271097,0.6031764505700726,0.27749154346296523,-0.051031864314143444,1.0,0.4606556075295595,1.317541080955738
-0.5816595842732788,-0.8335468386931718,0.4014738180869121,0.24941680842549396,-0.6591713611872057,-0.09183566543410948,0.016356341853372452
-0.2469748486657844,0.15116146502700079,-0.8349652655887877,0.6618887379338522,-0.709544722631701,-0.5973353210873342,-0.12653169509644668
1.0,1.0,0.6554126409251791,0.8937397253687265,-0.5068035944735082,-0.6845462162532855,4.70451275004605
-0.3036312227958554,-1.0,-1.0,-0.863744543099441,-0.6038493260613175,-0.16582742298855263,-1.553278985818312
0.4423059754481655,0.18351107434648517,1.0,-0.05936492080072503,1.0,1.0,-2.397196185353514
0.407020248733432,0.15325728758687268,0.7754775340189369,0.3319777703964244,1.0,0.718625420829267,-1.488984707417987
0.6733181712623626,0.5045492665741218,0.2155714355982421,1.0,0.019383135706719734,0.8436422055302017,1.9558358140813883
-0.17101461476691793,-0.5987420743455245,0.027679893263330202,0.17967824577869346,1.0,1.0,4.504053906937026
-0.8092781608643558,-1.0,-1.0,-0.9588259606009628,-1.0,0.8421119574892113,0.583120110337307
-1.0,-0.7929448784703873,-0.3036498333985981,0.1683372345347859,-0.3063220986162913,-0.5144852816181351,0.6059961004786436
-0.8788606723550973,-1.0,-0.9563844028918709,-1.0,0.6725617437805873,-0.48419727566734805,-3.3720171010094053
-0.562704012039686,-0.04227865046383783,1.0,0.1279104787321232,1.0,0.1155814614781148,-1.9543367495398323
0.026931954630410593,0.28454377722426516,0.9282687662214483,0.34500552075017543,-1.0,0.4917429205809427,-1.6380483108780906
0.3727997245541132,0.8176068463267024,0.8859449844456087,0.1445721431614195,-0.6591555026573171,-0.5454375549034225,-0.6482275399736566
-1.0,-0.6607337520044525,0.4047003461980747,-0.9225734142512434,-0.4804134815681745,0.0458314676075986,-1.2427873832648737
-0.24157929960844582,0.8289900547130288,-0.9802871680773935,0.9093377519667415,1.0,0.8502435846037553,5.069277914855447
0.08968024620579995,-1.0,-0.016773654047430142,-0.903425024194354,1.0,-0.0010079751991757951,0.35674601595827293
-0.7105099104735997,-0.5424835150074696,1.0,0.3460696719475031,-1.0,-1.0,-0.7942741438438125
-0.6880949235614738,-0.4874675989141095,0.10615981310442274,-0.42850018259503,1.0,0.4002633391727667,2.7933537306241583
0.7085039537064788,0.7550033303983968,-0.24366596094824192,-0.7943140200620641,0.5159285646952809,0.6838408173410377,1.4468561941606004
-0.264111987500951,-0.06073842774862448,0.1858313481877818,-1.0,0.4766856829022627,1.0,2.6095300069189307
-0.29530902088590766,0.9561121248334369,-0.45175790868101295,0.38488237409962756,1.0,1.0,8.878967376535469
0.1836023896265669,0.5674073254851346,0.2935354051473676,0.8080927755917677,-0.3848504001478155,0.323599384298379,0.41175981353209945
-0.45494290016499617,-0.6640506456760054,-1.0,-0.6959100246531853,0.33056820273158016,-0.3084072931090967,-1.6249500184468224
0.1943949935368392,1.0,1.0,1.0,-0.6184533352921601,0.23721846900386745,-2.785529454618287
-1.0,-0.5825574022479623,0.735499128210974,0.21249357406156089,0.8456180687672991,-0.380913810801806,2.5823009792665435
0.7951681937670578,0.579460733877206,1.0,1.0,0.027285193015118336,0.47114817400366826,-2.24166416544021
0.18592680955942342,-1.0,-0.1275493199164916,-0.8555559937419512,0.08271130100541027,-1.0,6.111740796987847
1.0,1.0,0.24169809198620507,1.0,-1.0,-0.8384792388044675,9.689952177114408
-0.0910936783108219,-0.35571884982585567,-0.12078983328528026,-0.032328951667849944,0.08606277776870769,-0.23318156365205273,0.2756202939546353
-0.44956579228656257,-0.4861561829167129,0.46182669884663424,-1.0,-0.4669316687066885,0.7725886197250014,-1.6218334078307706
0.5650790749210104,0.5577786017431574,0.6101111902086376,1.0,0.6812313090424897,0.7692411414741229,-2.7127249300437595
-1.0,-0.028252408544342078,-0.24755665232819646,-1.0,0.30762526806526613,-0.8445928351261001,3.334816009021125
-0.06345500403788051,-0.11941569384297851,0.39664369386575976,-0.8830822078216549,-0.442995898415423,-0.17102214785055467,-0.6683143496506674
-1.0,-0.6712249177890948,-0.7799373473101555,-0.28023489571329796,-0.0556420247201761,-0.4048125845381819,-1.250358366538793
0.9959252318161043,0.29245879516028117,1.0,-0.5144853222214614,1.0,-0.17794087618421955,-2.60213122186686
0.7826679865344262,0.13774925586501738,1.0,-1.0,-0.36811559345455874,0.8293747884142365,-1.5798252540546063
0.23737557979802326,1.0,0.1342416832256882,0.9836581210772788,0.415768367433104,-0.2525980975171493,-1.5209058597887197
0.06569681961781945,-1.0,-1.0,-0.6035998843126584,1.0,0.8203192280547065,-1.378865906316403
1.0,0.38458640076420636,0.042355427407306634,0.871281679482701,-0.25318764606654526,1.0,3.3350306027874184
-0.8006828861628856,-0.510689018854089,-0.7110066404155204,1.0,-0.44452742916195087,-1.0,1.462142313088549
-0.42312143078082776,-0.25776551788719887,0.4169598225361136,-0.4236020986144212,-0.3015380835156587,0.6581188568290535,-0.8925565785112668
-0.009676905067016461,-0.9169672193181435,-0.6977130850790128,-1.0,0.976521843729956,0.02567110814575846,-0.5963887251691435
0.21813151675030715,0.06063939021054604,0.008457271205911748,-0.26596335573533414,0.0806126386977628,0.8750687319790685,1.7466284383793917
0.5350500113097225,1.0,-0.31314933457715377,0.409385595367048,0.6366781120834074,0.1952077262315129,-0.14222968753375143
1.0,1.0,-0.10777976358934405,-0.6800666947117532,-1.0,0.5859487306659975,7.718052956243779
0.5260433038802812,-0.25295256188725485,0.12230953915132452,-0.16190026467744512,0.4411426311127923,0.27114479007355624,-1.0115221215019072
-1.0,-1.0,-1.0,-0.732473050898014,-0.23130558262056486,-0.39289610577237566,-3.4577226903436293
1.0,0.7272758616660548,1.0,0.63357037226467,0.36946749018107505,0.1314711424670314,-3.2980292755219778
0.08321858683748595,1.0,0.393188406522076,1.0,0.6826582035331431,1.0,0.6173799982801003
-0.8510338686414523,-0.5048525317540864,-0.2379006890030269,-0.0410301785190339,-0.509129300460903,-1.0,1.724529561794358
-0.3209854387628017,0.9995288393202879,-0.38292656130314406,-0.010930884770645272,-1.0,-0.2509092597691318,-0.1429742856365808
0.7049174545676024,-0.09951625978456241,1.0,-0.045561062425572896,-1.0,-1.0,3.821454741560371
-0.8872955186182183,-0.06197001612748543,-0.4067724559012925,-1.0,-1.0,0.13809377158751263,-0.05103865352436687
-0.3561215380730933,-0.8197688813306748,-1.0,0.3058921755721286,0.3861187327519089,0.20650612862169837,-0.1958386612467622
0.6980340725822165,0.3076268580415025,1.0,0.2477180475511187,1.0,0.4106091558500215,-3.6335137241763436
-0.3654360070180649,-0.16852246825336353,0.60633261421288,0.8030841303188094,0.99928227475341,0.21849081880389365,0.800450106289381
-0.15589967900130053,-0.3861740743797497,-0.028996864072839523,0.7078505841750429,-0.956026795273748,-1.0,2.9083973272949994
-0.4575575938924672,-1.0,-0.03453233369228503,-1.0,1.0,0.86364864328344,1.153934604741476
0.5140164737317171,1.0,1.0,0.5249311281649754,0.6062165689649515,0.12079110249201697,-4.003446654729069
0.4215988658127,-0.7311930436126863,-0.3337882878924898,-0.6522030291197018,0.023194150676133396,0.8196891417984735,0.7687421304895887
-0.239677358786551,0.09490779315365744,-1.0,-0.17871759250243846,1.0,0.47601041174480474,1.1341784802197956
0.9379935930329193,0.09092605877184845,-0.20419989566601993,1.0,-1.0,-0.22393016843147,3.884633519422199
1.0,0.5455257318170521,0.6811826684665936,0.7307448957843019,-0.06387867013130033,-0.3915107426110076,1.1902454109664518
-0.9207492064996612,-1.0,-0.5978752134916556,-0.37593724587525634,-0.038856742069115935,0.7570316138190825,-1.5610402410118887
-1.0,-1.0,-0.844630539493606,-0.12371621942058075,1.0,1.0,4.590092025480489
-0.613219596578485,-0.05700999485914238,1.0,0.40653682678562086,-0.21868968840106418,-0.5982829689256167,0.22034209728986276
1.0,1.0,0.6500947611669408,1.0,1.0,1.0,-3.9689021712233368
-1.0,-1.0,-0.46041063510664304,-0.3702353807761828,0.5872759517532828,1.0,1.3595412887567284
1.0,0.264096419709661,-0.5489544555787031,0.5168449766165083,-0.29817834619027406,-0.049379016259344655,1.4433365917268792
0.78084269620565,1.0,-0.23864525835669964,1.0,0.43467873138249913,0.8482810944305696,1.6167513243063323
0.47038710786842103,-0.259021735418828,0.08211860291275624,0.276918255780151,0.7611333609791642,-0.8130446409034189,0.37816355079421626
-1.0,-1.0,0.05702267845316422,0.5698251551359395,1.0,1.0,4.061286106175691
0.49256696842560427,-0.5360076425084124,0.42531379523565294,0.013930385163576114,0.4931286593289611,-0.01257419495810902,-0.32452180140166953
1.0,1.0,0.15956065803378738,1.0,-0.7739537797829574,-0.032274065909437655,5.043972558631138
1.0,0.2707442396644524,0.6310729199623428,-0.5533051224800769,0.6939189387577512,-0.16398317598113732,-1.8697307199777464
0.6593349571457676,0.8270892836533474,1.0,1.0,-0.3535717513032159,0.35111072119188447,-2.411000991822174
0.6796840161633153,0.019551381301675663,-0.021595914035380415,0.6381666829667533,0.9687497738342578,0.7842394251233098,-0.045392989154493635
0.41602403736317944,-1.0,1.0,1.0,-0.6857399470124881,0.4077097092037472,4.1291958198406125
-0.5715702436345009,0.005138563620526004,0.2921395921270148,-0.6768510235031889,0.2525623288255867,1.0,1.4458077600860837
1.0,-0.11642882751720642,0.0657218830753965,0.1795489988453024,1.0,0.6886216705333366,-2.871035376827707
1.0,1.0,0.8692411971289289,0.797105935761004,-0.850005880858869,-1.0,7.036648197048377
-0.985419350196761,-0.5554247937840467,-1.0,-0.6791460708271908,0.6964479744549739,0.6669962268477871,0.9578873488099608
0.39624695380731434,-0.720863514372413,-1.0,-0.4956429616337765,-0.23720901281284734,1.0,4.093072618389101
0.8968675260695445,0.31056894502875854,0.9179960488599165,0.005924256659489868,0.43918399774940076,0.3499599393562697,-2.121460770958565
-0.4088753750033354,-1.0,0.6353309947112171,-0.4328996437792396,-0.5464545043760091,0.5086107197307868,-0.538586993787812
1.0,1.0,1.0,1.0,-0.15481948714753918,0.6358972578133715,-3.984399617691296
1.0,0.8174719185907582,1.0,0.8692452638793682,0.7610488336089661,0.19512400252481105,-5.88445156503557
1.0,1.0,1.0,1.0,-1.0,-0.11009966534087899,3.2220793070586415
-1.0,-0.8710056570324982,0.6462503599372963,0.43075194953787777,-0.7970266428353661,-0.5249909335473499,1.0876315708548545
-1.0,-1.0,-1.0,-0.16045864205608584,-0.12508888505362703,-0.25916847490145645,-4.237318181762332
-1.0,0.21343920652387155,0.018425854131126407,-0.08590463020721527,-1.0,-1.0,-2.142079655508516
1.0,0.8011443244101111,0.12586779938471326,1.0,-0.516368085111016,-0.4715510958089201,4.8476059637088165
-0.5916946949407667,-0.041132723350965184,-0.8047809419603358,-0.037969543601833466,-1.0,-1.0,0.6447783609202419
-1.0,-1.0,-1.0,-0.7841658322829846,1.0,0.590603582356189,-5.425388974205849
-0.46983936264489723,-0.9399304950868277,-0.6167529540739636,-1.0,-0.8998308085107279,-1.0,5.156142992695385
0.3674168194817785,-0.3489419027651577,0.36729186948833625,1.0,0.9654263153457824,0.13537796298565963,-0.0879944654095457
-1.0,0.08674386544109913,-0.41445133981774485,-0.6454475423086008,-0.6599295408677757,0.2915482501479439,-1.4758294790490254
0.1431368369619268,0.673574587180193,0.7365309011307177,1.0,1.0,0.5348775214203311,-1.8733078581712808
-1.0,-1.0,-1.0,-1.0,-0.9576804663453764,-1.0,4.012296069686874
-0.4580251148850981,0.2255613535298075,-0.15601050058597277,-0.021008999113755866,-0.12585677980048127,0.9189182371567415,2.479535581475105
-0.8100053267552393,0.32818101190749766,0.44394569658361993,0.1834321895894937,1.0,0.6609662600450852,2.0843598173616154
0.42811271072998547,0.9417600564943456,-0.3757776315310444,0.7884852697103355,-1.0,-1.0,6.266960634416645
-0.4230200616691202,-1.0,0.37540285559181097,-1.0,0.9930500960495368,-0.698124276965861,5.770880333474927
0.6629886924818014,-0.28514105222153885,0.7465974332705507,-0.8696233694751874,0.30408109557827323,0.21059551854455344,-2.13526202642103
0.21711739457244209,0.6636066969354456,0.020179395695549218,1.0,1.0,1.0,4.434886183586009
-1.0,-0.28172876589299434,-0.16432301887238082,-0.20705554253142955,0.8213156741364362,-0.6709536221418219,3.5471665163303117
0.03346572842234741,0.22471550089879178,1.0,1.0,-1.0,0.2325762165105485,-2.580694036413276
0.6456671438366107,0.7633360319228668,-0.2591201839260862,-0.4637350270590236,-0.10176774699340085,-1.0,1.9255045629719525
-0.9484566832918625,-0.36058364178573954,-0.4698263061594936,-0.8410034301496185,-0.19456297203461814,-1.0,3.290473811412791
-0.6216051265380439,-0.7384149848480903,0.0955789068126319,1.0,-0.6880040328641692,0.20648530525013542,0.244022423960018
-1.0,-1.0,-1.0,-1.0,0.7216796214935307,0.5813859358824038,-7.531903879585581
-1.0,0.02481097370910046,-0.2957001344252249,0.02362141281973948,-0.19240844963196246,-0.7892968369267503,0.6353279785113216
-0.5353860134496273,0.15776236944147898,-1.0,-0.4700928219721727,-1.0,-0.2932180897878456,-3.450737230687033
0.20995652623422606,0.6475367782739191,-0.5532733634690155,-0.3766763626464217,1.0,1.0,6.783388471776277
-0.49927257215097764,-0.361020029265094,-1.0,-0.5157573769159628,-0.9846341908698104,-1.0,1.6282422462526844
0.6381461132015832,-0.6770071203743326,1.0,-0.8968122534974623,-1.0,-1.0,9.850831734558211
-0.11299009184796749,0.8240287236894603,0.27661789846743634,0.449126908953724,-0.2727156111746848,0.489718223313822,-1.232168869575231
1.0,0.33173909861771206,0.09055809833336104,-0.20836539809157847,-0.8420490260761699,0.09152799827648794,1.7290038024684846
0.8756900210109921,0.8098976948408119,0.44489130407212035,0.8813757515384582,0.40892931780406006,0.14837659741518938,-2.218328331978889
0.7794266993471628,-0.03546095969386283,-1.0,-0.33264966055130774,-0.4267223136761313,-0.1580159161014726,0.627113469692741
-0.6943855082754686,-0.14078583745621853,-0.972457755003358,-1.0,1.0,0.4491195268559771,1.3845069276714224
0.4674278410535124,1.0,0.9206967910776402,1.0,-1.0,-0.22697407462944652,1.8231237495871966
0.8436922640024854,-0.8887330168708043,0.47470524152624277,0.6322530143356412,-0.29582366551341055,0.3347251164056386,1.7841829084815233
0.04915316781624082,-0.031532218512790255,-0.01595569752356349,-0.19699309251954725,-1.0,-0.8284120768229111,1.3426150034622955
0.03772186299839975,-1.0,-1.0,0.1041570638707448,-0.8491056452214325,0.6277481537792273,0.8696465906332488
0.3370527064415805,1.0,0.38168420399799596,0.13052262712514895,-0.8987423449509899,-0.1646071655526895,0.1700506367737299
0.17160457928548192,0.15671437081086625,0.15888711486335289,0.42550547326134003,-0.7554441641258914,1.0,4.3224864363020075
0.8353390165379985,-0.5607984000342108,-0.6485788454380096,-0.7666183461728301,-1.0,-1.0,7.210689761385556
-1.0,-0.70566206146252,-1.0,-0.06124319979403747,-1.0,-1.0,1.3445587323972046
0.09827658984858445,0.8003282541893071,1.0,0.7177412542564978,-0.31049310308064415,1.0,-3.1106074922483953
1.0,-0.5717249647342242,-0.2141567954666207,0.2905700221340156,0.16908443960380926,-1.0,3.9457858130808567
1.0,1.0,0.16878837374644884,1.0,-0.37876761981403584,-0.9832550423902108,7.981621887499333
-0.49969293259950676,-1.0,-1.0,-0.9381448963880972,-0.5338766833913702,-0.34767709517942097,-1.6215901761537483
-0.34150309805373313,1.0,0.5265850934772015,1.0,-0.8749770718090124,-0.6302722162888053,1.3285695368132597
-1.0,-0.2940874329567782,-1.0,-1.0,-0.12247103400554549,-0.49667218702691907,-1.437863802483501
-0.13585536068944326,0.5035127249110453,0.106423726478693,-0.4582128459715512,1.0,0.8052967764482897,4.094652459209806
0.8864299973284917,0.04809217293876933,1.0,1.0,-0.3605595015624171,-0.8608218039023969,4.059406577742091
-0.3927107111362784,0.09216434700807408,-0.5041596496076488,-0.8059657599449308,1.0,1.0,7.951053658953822
-1.0,0.5554867416697357,-0.41808519310183484,0.591690255499884,-0.09531477946055417,-1.0,3.575829738237247
-0.15551146833239732,0.15521802367726933,-0.003897498683006345,-1.0,-0.3604593276561979,0.46239895891921723,0.06276056870590652
0.9733169461747804,1.0,0.6231919957010228,-0.13808694771203256,0.7276964576004296,0.8751942710314223,-1.3458545116897496
1.0,0.2657800751138565,0.847161731129276,0.36247417606996946,-1.0,-0.7500592576835736,7.126699809187203
0.2370132995849179,0.13936513450703203,-0.0860250411432345,1.0,1.0,-1.0,0.3587412612652578
-0.9519433876288725,-0.5164846033120885,0.7715446979406059,-0.4401096945119485,0.07326174173824795,1.0,-1.4175374247509005
1.0,-0.7123480810918037,0.47241309352385374,1.0,0.968652738112728,-0.2622555202716563,-3.4249239816608146
-0.3340607568664189,0.2396049417430831,0.3950406517601104,-0.5761368024452174,-1.0,-1.0,-0.8535233051148042
0.7930264278398117,0.8070259470560158,0.10683307923578167,1.0,-0.4977726216523004,-0.01264351261479546,2.6511857313819394
0.10931459327163365,0.3109340803956613,-0.6091909485375702,1.0,-0.09804175212544747,-0.32578158593768025,-0.8262165861104038
-1.0,-0.8876806448403057,-0.7883586359635861,-0.9867480972845493,0.681576112318299,0.4992925609676744,-3.7570869334010255
-0.13334944399254614,-0.09066200003041391,1.0,1.0,1.0,1.0,-0.9518093124806181
-1.0,0.45173078412827394,0.11924110184455428,-1.0,-0.7720704117214524,-1.0,-1.0879974089717237
0.5053827992667489,-0.23724499212418593,0.1464946958193496,0.1866422617323517,-0.986996028628639,-1.0,4.66717937980592
-1.0,-0.4376313279220819,-0.6802315959024542,-0.8801736529307611,0.5539927820856659,1.0,4.081802966783128
0.7230064175946701,-0.05447466661181899,0.1264369702880348,-0.13520043546879543,-0.5555551748458625,-1.0,5.327952788956493
0.2508148044926455,0.9593037608500572,0.35089615770371685,0.7575598165553821,0.7044760510881244,1.0,1.244991873050537
0.33089480297555496,0.021982084012071468,0.9186572110787761,1.0,0.1042660160020682,0.5153798679405375,-1.5957765463508937
0.5057706010972521,-0.5140640989089673,0.599675992924767,0.2201425359262375,-1.0,-0.012993945708856147,2.8111862794834495
0.5233941604149789,0.9894261485572564,-0.22776625964309344,-0.17321417911117742,0.7245258891124677,0.6205884825217656,1.9343762326055045
1.0,0.7695112809721945,0.15494665567207977,1.0,-1.0,-0.6714392993929876,6.835380397875849
0.5251994166411689,0.6138421146090274,-0.12146442477628783,0.3587842100291567,-0.21254391153473431,0.21001100218309177,1.0577632726997541
0.6188279162236747,-0.04664483213217002,1.0,0.846646375735854,-1.0,0.6733566070535205,0.11576302806261479
1.0,1.0,0.5143446185750474,-0.16236919678221962,0.14528030977306194,1.0,0.33037911581705437
-0.771289250888432,1.0,1.0,0.3991645109241531,1.0,0.8188985830643558,-3.5772224769622056
0.8051646632367149,0.5140773916637993,0.7262520851530736,1.0,1.0,0.08387443185016097,-4.1559659286201684
-1.0,-0.0648890695934814,-1.0,-0.28950533460805117,-0.7071817786550162,1.0,6.373073759413844
1.0,0.05968300765567758,-0.04606279613575387,0.7898071578785361,-0.571362077801634,-0.7370650918899195,4.239550657159149
0.19966373832700912,-0.3842824697534428,-1.0,0.11974556947856341,-1.0,-0.11021571227607851,0.5176516349649726
0.4120156693797219,0.0663454933893084,0.9002319472726141,0.5476252625397602,0.14749122925383107,0.893438973177799,-1.3315652294035785
1.0,0.4187812380023316,1.0,0.5230154937636893,1.0,0.23309197362957723,-4.607578469208515
1.0,0.5396603327149634,-0.1651919622643766,0.5976961815164875,1.0,-0.0892160928300727,-2.3387830245434604
-0.894377298835553,-0.6896315486299929,0.3893480383811895,-1.0,0.2602892012314315,-1.0,6.419612927988724
-0.16666547481845495,0.5839294676914819,-0.08628831003071125,0.7192081668584698,-0.6826714890348806,-1.0,2.412236310370425
-0.3636430913935762,0.1338444429652883,0.6326038756329369,-0.5122800054466287,-1.0,-0.7059080921658978,0.9740138599397103
-0.26594643322198896,-0.9756215549885665,-1.0,-0.3067948780610752,-0.527673477335648,-1.0,1.8028878905886316
1.0,0.5392051503887816,1.0,1.0,-0.14107891111934479,0.23718594587161645,-1.3382354280268576
0.749607296705183,0.3661179877224773,0.8392449597421383,0.06297855862914381,1.0,-0.9239159043661659,-1.4460014622812678
0.4415033453009316,-0.29961074439688185,-0.9959680479556203,1.0,-0.7509023094329447,0.3039302551790398,0.8101170514804397
-0.240963893129503,1.0,-0.5914554800013452,-0.19270905765764318,0.9694282361793749,1.0,10.360897747028158
0.5134160258127636,-1.0,-1.0,-1.0,0.3708749467435445,0.5720904587276385,-4.30353007172831
-1.0,-0.23638673488441064,-0.7198738769533695,0.06775130875450197,-0.4767854130260101,-0.954277594724992,2.462511863585538
0.8207300438979432,0.9808433674166311,0.28379827299848776,1.0,-1.0,0.0807015440323906,3.642473302922049
-1.0,-0.6768517296205301,-0.9607657559244898,-0.5576254015384177,0.48645707757293233,1.0,3.425149288914039
0.36727565418460917,0.8108959703743999,0.5508841734996952,1.0,-0.7191065591177797,-0.8903303852966273,4.5678547725158705
-1.0,-0.5470144949500128,-0.5482817256064747,-0.6512206123018264,0.7646064065582685,-1.0,6.353089892248157
0.8377529554127756,0.889331914336327,-1.0,-0.9531754352734231,1.0,1.0,6.845503940383533
0.35121912908987213,-0.8692443566603596,-1.0,1.0,-0.6512813621741751,0.22554894024543778,-0.1713913235545052
-1.0,0.6603993367464698,0.7947109057461381,-0.3356754333205738,-0.37318986947168376,-0.6185863038813342,-1.4508153219072533
-0.1763648260603382,-0.6241464367227313,-1.0,-1.0,-0.2529133587644654,-0.877817991185214,2.220026799065843
-0.7341926642716131,0.9285615085033747,0.712002274894623,0.22738508154593784,0.18718234490809088,-0.7833780124415399,-0.06023921155990564
1.0,0.39043662285995817,-0.6413955437691174,0.6509222550844126,1.0,0.6752067631624352,-2.2044697781088987
1.0,0.5199818327758768,0.8663319222710666,0.8622046630340584,1.0,1.0,-5.810920247773629
0.7657983658199918,0.08040862382586367,1.0,0.543453712674707,0.5085793362529343,1.0,-3.968095817697557
0.16004888264958098,-0.575966581492529,1.0,0.6335312843991838,-0.5128694491829644,0.6363255614700335,-1.840980513401754
-0.3167218260776714,-0.7716088874766058,0.018850330939031157,-0.5279596824765997,-0.27131226566937183,-0.46752506457092213,2.1875012984241966
-0.46049255054921445,0.2829793366794462,0.6252961459596118,-0.28797313554662224,-1.0,0.04203964729670506,-1.8675443513261811
-0.4923316789128297,-0.7736717238524644,0.3995672842273983,-1.0,-0.005577896446182146,0.05013023574997533,-0.42100845089285993
0.24965952034835004,1.0,-0.6713960997294091,0.12436141162106551,-1.0,-1.0,2.300525241389318
0.45574785135994034,-1.0,-1.0,-1.0,-1.0,-0.9904039626882974,7.915536244152391
-0.15348634803441696,-1.0,-0.07049458192137825,0.6496897070516501,-0.3078426097879088,-0.5861291370033985,0.09493374780669617
1.0,-0.0005367696604726135,0.25621200144733364,-0.6302922522633874,0.07346911440972703,1.0,1.8706811092220827
-0.07862269353012585,0.33545476777912997,0.8221936713922027,0.4037085721987006,-0.9671222044652621,-1.0,1.5731934215579217
-1.0,-0.386070675411914,-1.0,-0.03221328998459416,0.8720141170454562,-0.42140635642596014,-0.03487971936380441
-1.0,-1.0,-1.0,-0.8097911603045882,0.38186923745164825,-0.6163050589174157,-2.241408991372182
0.6017601968148467,-0.5207658852948671,0.7112706826942959,1.0,0.11028551903052358,-1.0,4.558098014777409
0.8693691200101032,0.35920496896907994,0.8025061307919239,1.0,0.753455864328618,-0.7186689570677943,-1.2843967434177492
0.24510079739886137,0.859547138384634,0.14865549558643965,0.014520994346893579,-0.34178002973978894,1.0,3.0023025156568757
-1.0,-1.0,-1.0,-0.294024459849457,-0.21872503901108442,-1.0,3.702655365252362
-0.5257250442266821,-0.1502528736909341,0.05969913573616695,-0.3785249053467371,0.6540239791574418,0.7962053075264669,2.0123459713489695
-1.0,-0.8149637077051354,-0.3586758861293453,-1.0,-0.9439486658922902,-1.0,4.361923328609939
-1.0,-1.0,-0.9780334564870401,-1.0,-0.14814605562678018,1.0,-1.7998166343621147
0.22371568511422446,-1.0,0.18036960858170836,-0.8181221038955919,-0.5072148842979862,-0.33215821406806595,3.322355145306061
0.17798282649744915,0.14439352674632333,-1.0,-1.0,0.13074729519184805,1.0,5.649549662348422
0.5739636790812701,-0.36300522389590645,-0.8677584305946169,-0.507647934331841,0.818681619646166,1.0,0.3848759040551806
0.28179159273011267,1.0,0.3631352610589005,1.0,1.0,-0.5705786659288121,-1.0932395601163305
-1.0,-0.40935718000827515,-1.0,-0.48413731493279655,-1.0,0.19747043876661996,-3.9652728317987616
0.43859311467236906,-0.40051371832001076,0.20966500585297576,-0.05441949075182034,-0.4407748600613542,-1.0,5.3891315479611
-1.0,0.4754129026733925,-1.0,-0.9958051740832707,-0.0246625074576029,-1.0,3.74836676555627
0.2781538686390583,0.2658732822395913,0.5595962501953053,0.6605445103707841,-0.8044881673637065,1.0,2.765332872725251
0.1839510456040571,-0.21397937166448955,1.0,-0.2774520133144971,0.5441375758066594,0.46218167781676245,-1.1007263751337377
0.15341029503899778,-0.007735029908750302,-0.610105715780392,1.0,-0.8409240667555276,-0.06589152850995383,-0.12332585745692717
-1.0,-1.0,-1.0,-1.0,0.46877151444957127,-0.14698011590435411,-7.722512674227128
-0.3835365627646587,-0.44512399639158484,0.25623138592269507,0.11052545929428365,0.7212992397084019,1.0,2.667457454861234
-0.5126713883309333,-0.9362308532486389,-0.736148986367964,0.7170286856510171,1.0,-0.30690360921123383,-1.8274062694064055
-1.0,-1.0,-1.0,-1.0,1.0,-0.18197494824636112,-6.24875415261255
0.109794530734176,-0.7158704564866463,0.7066443219423282,0.1621193780832328,1.0,-0.3683857273225554,0.292750390637601
-0.11862771970418048,1.0,1.0,0.7406693434230209,0.15671311468966875,0.9423147337681079,-4.227205012672344
-0.5086492565676,-0.3313955818201294,-0.7036728802405441,-1.0,0.0970570911109837,-0.9653698438575875,2.8323169156337134
0.25760014591262237,0.20831704913389157,-0.43786356033034357,-0.9683526153418277,-0.8225379939707267,-1.0,2.4660246688315404
1.0,0.697002358471907,1.0,0.42239179457520426,-0.2723520061707977,0.5354463811531958,-0.625648649693774
-0.18095934212411957,-0.17447875373413602,0.669653881659279,0.05416519167405176,-1.0,-1.0,0.4206727349466217
0.011954857042462075,1.0,0.1060167068802712,0.8195478387617403,0.5395786148686106,-0.1831183093079069,-0.19004002802710224
0.7699249539971055,-0.536056357793086,-0.7263362958139822,-0.6547462851503172,-0.880334225353764,-0.09080495697481106,3.316382127018234
-0.15421974728218513,0.47471961916138483,-0.4371173178219723,-0.6719098718045037,-1.0,-0.9823477988391784,-0.6460676600288942
0.9997110600927365,-0.8310155186259285,0.1714371414246625,1.0,1.0,0.20351010245078038,-3.40261279868938
0.9608863620499379,1.0,1.0,1.0,-0.053157844595633885,-0.5863991574844967,-0.2414444269414647
1.0,0.7960797095041017,0.10498179426833354,1.0,-0.3386501442704973,0.10742249914164992,0.5292509285383611
0.7805720298417912,-0.4403205438376252,0.9022057528188439,0.4373487250761115,-0.6230296387539913,-1.0,6.789774043801067
0.41615958701157607,1.0,0.5617271408479808,0.3364638679014865,-0.4964097841863853,0.07484130733114314,-0.5141492325782393
0.36271667963897103,1.0,0.4601328170807655,1.0,-0.2927816977394756,-1.0,5.288933860513989
-0.4988123975299007,-1.0,-1.0,-1.0,-1.0,-0.9428910132394159,4.476913790475146
0.5658979986463211,-0.5284557457128096,1.0,0.24131592662678553,-0.9679620956994328,0.16020479651346886,1.1354947701968916
1.0,0.20205827373824503,0.41107039062735584,0.9241344297777673,0.2469094114594999,-0.9197600635900658,4.1245361336514295
0.8701631918473085,-0.1113135385367443,1.0,1.0,0.07760931810893501,0.343172622869379,-2.1876187215045495
-0.5272345554617164,-0.108510044426948,-0.2067197262325799,-1.0,-1.0,1.0,4.458463714999079
-0.4352127080789684,-1.0,-0.6391235498073702,-1.0,-0.17041268368710694,-0.44719432465405207,-1.5445638136684745
1.0,0.4863489066863629,0.8372417589064953,1.0,0.9188533367296507,1.0,-4.589131118510222
0.7997951144641662,0.37639200853198884,-0.05418448758360617,0.025022164535797642,-1.0,-0.09881005800569626,2.288729377351663
-0.07343535918158606,-0.5364551685353919,-1.0,-0.020466350522715837,-0.03197816980175766,1.0,6.625938987487697
-0.9856505934711741,-1.0,-0.27781179666017264,-0.640870100817825,0.8383823458166925,-0.26278311097747364,2.0793192936665514
-1.0,-0.702060302776309,-0.6119726673105388,-1.0,-0.08051879423532138,-0.29694798971311287,-0.633422441861201
-1.0,-0.10005620291651107,-0.1323568018623052,-0.2844811049133874,-0.7127815268164812,-0.12577511980305078,-1.7376324749646435
-0.3894482717632869,0.23508565397148729,-0.5028963140231217,0.487319270371397,0.09900296232230565,-1.0,2.369398782407461
1.0,0.36273078970161854,1.0,-0.6415034062960783,0.21498056629884105,1.0,-1.766333417497579
0.8577660488621164,1.0,0.4245103510078434,1.0,0.5739990079137323,0.8328616313555007,-3.008517598368387
-0.8501025642370207,-1.0,1.0,0.5056637372825867,-1.0,-1.0,1.4118951578779773
0.30470916039229656,-0.3770493475433707,-0.9581997420910261,-1.0,0.9290270785062105,1.0,3.333724471527974
0.5745362982695689,-0.7282067134983236,-0.7756804698055304,0.37959371380432244,-0.7173113847280568,-1.0,2.718782628251096
-0.7653571694272965,-1.0,-1.0,-0.1607538803698383,-0.8453465538646656,-0.029225184861780606,-4.538179874861174
0.16141504063095935,1.0,1.0,1.0,-0.907153913443448,0.14503089634918942,-0.8421312160617223
-1.0,-1.0,-1.0,-1.0,-0.013044136002564155,-1.0,2.1011571227235657
-1.0,-0.35270323445375884,-0.9096635024098887,-1.0,-0.9116409520366239,-1.0,2.765716581882553
-0.40020839907088024,-0.6541513928672926,0.32671222154884166,1.0,1.0,1.0,4.175263078269136
1.0,0.1965565589662135,0.18805698584638764,0.6568979550142713,-0.14437195986876422,0.5511708786639337,1.0491011773234937
1.0,0.08089996197550425,0.554219531614772,-1.0,1.0,0.9753225460458692,-0.7885130553828508
0.26064678036972033,-0.43140511895866895,-1.0,-0.9676362950721953,0.2721759920699294,-1.0,2.3503342512104086
-0.1897126087459624,-0.7609966537111824,-0.02748953652988928,-0.4980849407769621,-0.6807481532169687,-0.6335338703133171,1.6725597712190496
-0.7873924706722186,-0.687903254664302,1.0,-0.16526559472759875,-0.9150165622211299,-0.6628008676152148,0.6880359557516652
-0.007162531078304335,-1.0,0.13328827840058333,0.1910454439442429,0.9196608941161171,-0.7748599195321129,2.83597285459866
-0.5298094848053354,-0.08979917483387867,-1.0,-0.336404654370031,-1.0,-0.00702642747481641,-2.67743301118393
-1.0,-0.9145744914744591,-1.0,-1.0,-0.6167887845220865,-0.029874080711227435,-6.038560270807391
-0.4657110064044472,-1.0,0.501761986830161,-0.4593487179887529,-0.7397721988435624,-0.5935059309525405,3.279531993623452
-1.0,-1.0,-0.49512709555161694,-0.8527246440855984,-1.0,-0.2735820420695141,1.329433860898094
-1.0,0.5125754024403996,1.0,0.22776620292458394,-0.11061932217885745,1.0,-2.468052858734273
-1.0,-1.0,-0.7507478895501727,-0.8699317813924818,0.03752437293234745,-0.9982405852300342,3.637095371610781
-1.0,-1.0,-0.6779060415989542,-1.0,0.47059526749939695,-1.0,3.386144102436023
-0.39588965651139796,1.0,0.7864264673559778,1.0,-1.0,-0.2888704476679588,-1.418571243869903
-0.4711780109446737,-1.0,0.27817420428486794,1.0,-0.38506931558019697,-0.8920678083491591,0.9215684065258359
-0.8616744819987769,0.001829809936606419,-0.02068044438393124,0.2190617029164052,1.0,0.8452019677527896,4.301808300121183
-0.41418273065840583,0.10089180495523417,1.0,0.025752182139001434,-0.7219249648598187,-1.0,0.027756474078117932
0.7982314199298111,0.9312921995361187,1.0,-0.6347189720730799,-1.0,-0.4150959230822189,1.8088720853126046
-0.3107372082634965,0.29467937145857154,-0.35621188691721156,-0.7388269611088967,0.1167574110992744,0.4206171500634249,0.1945193590939811
-1.0,-1.0,-0.6793834492761803,-0.8691029264270997,0.7308809968041455,-0.6263651411759248,0.13816001627658758
-0.2405266068437405,1.0,1.0,1.0,-0.13798199717831722,0.2638896237172707,-4.6622472855795385
0.5916227848622104,0.9168448297374341,0.054368474294597346,0.839371885275494,-1.0,-1.0,7.469293155845387
-0.4805228204420432,-0.25649731121741715,-0.6164009616734614,-1.0,-0.8843575803988466,-0.19288630608203372,-0.2484220523161721
-0.3544560061753508,-0.17111994946775888,0.18269887703851428,0.4772059600985518,-1.0,-0.6983998765403872,0.08297758659133314
-0.16038835074276026,-0.47691638245231455,1.0,1.0,-0.3290779653809429,0.457336244615556,-0.9527966936015368
0.9592448093646044,0.17411779411898592,0.5594768314879938,0.7434389094526058,0.08851003544474756,-1.0,4.6635489951801015
-0.6070684562755474,-0.04168301735958074,0.5431243177992111,0.33750908326230716,0.5334843089472249,-1.0,4.118743774147208
1.0,0.8967659468721025,0.18988717639732033,-0.5583154148051948,-1.0,-0.9730274166589258,6.604313939175677
0.5201996724519549,-1.0,0.3233426783975573,-1.0,-0.21707981591728015,-0.7655168557715861,7.721607282510313
-0.5418115896474951,-0.12177585539319319,-0.7419042180702693,-1.0,-0.47524572964553835,0.6869230005886846,0.7559252805597556
-1.0,-1.0,-0.37309942102056715,-1.0,-1.0,-1.0,6.578810654909307
0.6781078972510758,-0.053423987554399976,-0.9574553771260013,1.0,0.07211623836986225,-0.46140725947932737,-1.901892374710361
1.0,-0.14979828729499034,0.3328822136626919,0.8869580957702096,-0.7279884520930712,0.790363422574208,3.6633963149630926
-1.0,0.07394165775968975,0.399497460839523,-0.7802237214529864,1.0,1.0,5.168995622239318
-0.36240490109816104,-1.0,-0.9719491996544466,-1.0,-1.0,-0.8296696473404926,3.126091992462876
0.7577377476381513,-0.1312919964109175,0.5100171592543188,0.27908131659186786,-0.4764193086850741,0.2825661391750959,1.2611514540620843
0.15688760120935075,-0.4304936925999401,1.0,1.0,-0.35014212550862545,0.6565542644149095,-1.6008079134775928
-1.0,0.8648710625072081,0.08750425828101194,-0.5886986883090867,-1.0,-1.0,-2.6273944075295708
-0.28504377731602293,-0.7882415427477073,0.09778774298441184,-1.0,-0.5896202827943428,0.1892035115860582,1.9657295768541014
1.0,0.8980075775121209,1.0,0.15195158520967378,0.6778082873565876,-0.6537350797424376,-2.982035270262091
-0.2969127847596127,-1.0,-0.06616493452179184,-0.019405551116597808,-1.0,-1.0,3.1399162952704223
0.920345714466232,1.0,0.24066914492147895,0.9929803062998623,1.0,-0.28590756608389173,-2.8813237613075304
-0.9148959983563714,1.0,-0.13222620229634074,-0.1567396449270264,0.15362536848144637,-0.7028762740273051,0.4096811084515055
0.188216115584121,-0.948411717163498,0.1104912119143035,0.5150461831884737,-1.0,0.20552670304496368,2.4105622180959307
1.0,0.1768029339436017,-0.5214933594219842,1.0,0.37586867989279193,1.0,0.7723068526919444
1.0,1.0,1.0,1.0,-0.4994120016079334,-0.04972766052450517,1.1467978305535755
-1.0,-0.8817591822617805,-0.9123349328988122,-0.29710669358988495,-0.07816301885198929,0.051733672595789426,-3.175250987567635
-0.5901255713386075,0.6013205358035165,-0.17572121202222135,0.02213966551263452,-1.0,-0.8324503243360135,-0.6777075307288359
-0.7482118528446788,0.02892302012247816,-0.6921957209394278,-0.38787411729491006,0.14261738938045826,0.9124010109544605,3.6477055717734466
-0.5056937049270234,0.3793562754797066,-0.8101550571049598,-1.0,-1.0,-0.01090478928138744,-1.175576625386018
0.8777368357629917,0.5553491077633183,-0.22591571589490175,0.13676860686184744,1.0,0.43015907205121995,-1.7268517788914017
-0.39605143101510143,0.3211342547641116,0.6983282596479574,0.8351211569350101,-0.551571824728909,-0.8448423426691549,1.7703679868499884
0.5792803206582107,-0.9474643314988261,1.0,-1.0,-1.0,0.6362289633985174,8.508439317695968
-0.26691419374856773,-0.895432681631532,-0.8756625060708749,-0.5590565104525754,-1.0,-1.0,2.374293819547282
-1.0,-0.4948510022388447,-0.261486906585149,-0.18339307756813183,0.6049048438737821,-0.12486413290734252,1.2796878530602052
0.4564821044435179,0.10419476588362428,-0.41715900835592284,0.5872708339190136,-1.0,-0.60182037981079,2.133103505451038
-0.15472002653886796,-0.4803125248434432,-0.07165216470504765,-0.21927447221248303,0.9518566007987188,0.09192673229074622,0.517983567772047
-1.0,-0.19054371448394952,-0.5934973331335378,0.5391137954025608,1.0,0.9875351892090961,8.574325121213008
0.7060206701411529,0.18080446594715371,1.0,1.0,1.0,-0.8009746058429923,-3.0827842435561923
-0.1945379187812326,-0.002922452121194352,-0.7170600180058537,-0.20872003724641286,-0.05781301413397616,-0.061792257170867296,-0.13716046671960214
-0.057163902259626254,1.0,-0.3522561360500126,0.0874440945835877,-0.30034101980702055,-1.0,2.2094380886968743
-0.1868587769044459,1.0,0.389000610675591,0.5625947691536024,0.2472694169071492,0.6086930742044241,0.2168792924322801
1.0,0.07756316819257267,0.926281215982756,1.0,-1.0,-0.9687497743868999,8.748751777774967
0.7975649896787536,0.8697922331214547,0.2765996735432277,-0.1513295871080653,-0.26420520516302215,1.0,3.685907331576747
0.36686416057350074,0.6561545166218251,-0.4015402021775475,-0.8093550114351861,0.06203329472239999,-0.8164556411351543,-0.2121655548208266
-1.0,-0.8527076911624698,-1.0,-1.0,-1.0,0.34318461026140923,-1.4245811688909653
0.1464124311479561,-0.7684377697378161,-0.8896411670219931,-0.5186672612554903,-0.5990768465421977,0.48758442662727375,-1.2699231695845312
-1.0,-1.0,0.6453174718156695,-0.4712340870278649,-0.7850519556975886,1.0,-2.1652873715003027
-0.78815329424795,0.031081226989494448,-0.00968529775452348,-1.0,0.4288289134087682,-0.5198901041515708,2.7927888263382714
-0.6509438968437787,0.38384679440587605,-0.3032321310612993,-0.25275909410345354,1.0,1.0,7.230129558738902
-1.0,-0.034792798933707125,-0.2548668175644234,-0.7770454083364504,0.054713520596644916,0.36343813218752996,-0.5982975694089803
0.9692014173982306,0.012673620080877745,-1.0,0.4536220785037059,1.0,0.18134333845953554,-3.214926089888901
-0.46275058499069277,-1.0,-0.9283572994414897,-1.0,-0.098541103872131,1.0,-0.9545347262812747
-0.09038028739752435,-1.0,-0.7552382893118808,-1.0,-1.0,-0.4492766111179378,3.4708245567803497
1.0,0.0637921560676171,-0.13579590657227658,0.1790931097718552,-1.0,-0.7396799803489911,4.353446837541714
-0.8664980373614324,0.0703504042187737,-1.0,-0.11939491871697361,-0.041110342646343945,0.551199181730746,2.1906377704362776
0.4994049511470892,1.0,-0.5865357295669974,1.0,-1.0,-1.0,8.281413721584839
-0.45953013463609094,-0.17872877821447286,-0.1064449503121262,-0.7414017366215104,-0.0725714805760446,0.21653799058619166,-5.779949002646112e-05
0.7361281321520659,1.0,1.0,1.0,-0.9006341307356981,0.3229511754712998,1.4109474959667425
1.0,0.9000504613877462,1.0,0.6641028076110265,-0.8012557099429971,-0.7020490144302081,4.898736786500573
0.30635888545386736,0.29901175660715396,1.0,1.0,-1.0,-0.7964358600506782,2.3688915109782642
0.46254241533191776,0.37432051955431617,0.8643763147392536,1.0,-0.6010154333648221,1.0,-1.2071458951404774
-0.001543060347394154,-0.9608860442039954,-0.9085180210036555,-0.5110246813316618,-1.0,0.5280887764900799,0.2511125586724593
0.13567581661147976,1.0,0.4125080493344213,0.75781182757121,-0.10503207181223213,0.12348336158195905,-1.7750337642109284
-1.0,-0.11428947049652494,-1.0,-1.0,0.5279759085065501,-0.38942140134176606,0.40764425906359314
0.6538920538835091,1.0,0.13074700406877815,0.44530597511373526,-0.9605564074148053,1.0,6.401441303417656
1.0,0.9368297228111555,-0.5417895852803423,-0.015030506706414357,0.5538532928939891,0.735603132145253,1.8271631923096903
0.2389020239441163,0.17310308466904736,0.023905829756207142,-1.0,-0.29236535471983327,-0.24482107819485183,1.0894635485037274
1.0,0.684193172996702,0.3814090311276569,1.0,1.0,0.673710780838517,-3.618087726191596
0.45952965140734325,1.0,0.5974563284969814,0.8566014406972537,-0.6250337975973066,-0.8619710735349078,3.611921855992885
-0.7343935592168425,-0.11455360478005955,-0.3706271113434386,0.7382604169520126,0.6081105278765336,0.5520650804357372,2.4195722644640365
0.01790771179047901,0.24406312239537598,0.1654025460665921,0.18196883812110592,0.5816603140702287,0.2930834624790042,1.2231205137219983
-0.023236445602948963,1.0,-0.11489104490549884,1.0,0.16802918365406727,-0.26508363762688714,0.5679325069023846
-0.288110359031772,1.0,0.24813477372098547,0.6502175920843447,-0.0796736309198848,0.20729422773487705,-0.6842438656475643
-0.35066091948821093,-0.35239696224731776,-1.0,0.9490469197106722,-1.0,-1.0,0.15891738375479253
1.0,0.307814721571928,1.0,1.0,-0.6555563777166584,-0.7351565227436838,5.696252931103324
1.0,0.056651165687918725,1.0,0.23241710219347222,0.790691315392245,-0.11179256996355413,-2.0471303351646433
0.9750963030600928,-0.9388053868610187,-0.5057674818819519,0.4762901041592832,1.0,0.601664922032655,-3.432959380168595
-0.6690903045663088,1.0,1.0,0.27455464203896873,-0.9690139985422423,-1.0,-3.72579591052535
0.4853569129871894,0.2179417273869625,-0.08759415240119628,-0.6282172433602389,1.0,-0.6164307058218401,-0.8547605513149426
-1.0,-1.0,0.017971455309375467,-1.0,-0.6572139662346708,-0.6986424797886286,4.067577693157169
-0.15765588865200048,-0.20838715253627682,-0.8000915809542712,0.37884012414817786,-0.03993026625470897,-0.712869760656771,0.3869685571903372
-0.5238017038401179,-1.0,-0.9397289126991426,-0.6735301510207568,-0.5399686479231033,-0.12876798685773516,-3.3741277092829467
-1.0,-0.4849303153957081,-1.0,-1.0,-1.0,0.5119495200818497,-0.6613648481830525
0.53452331077048,-0.38766125429497383,1.0,1.0,0.5983101087859759,0.07593107610777444,-2.8107517881369772
1.0,1.0,0.7661214870562758,1.0,-1.0,-0.869968994285407,8.817629293745929
-0.41614025670515997,-0.02818888492269954,0.31554792791867436,-0.3459146158065217,-1.0,-0.5277562068179749,-0.9616808296752747
-0.043243031265634224,0.2957090858527782,1.0,1.0,0.7011407875029563,0.6578149108891064,-1.8263073754365795
-1.0,-1.0,-1.0,-0.06093799967844249,-1.0,-1.0,0.8584022757235041
0.2915823434092656,-0.3883531929679298,0.3398098799928425,-0.2693092900509767,0.041863080872651004,0.40570899934605675,-0.07538671333538151
-0.23069855983668763,-0.22623468161588128,-0.4284130142776461,-0.7034258465227626,-0.5656525917331277,0.6373125176136285,1.0994936870418692
-0.9027822716583922,-1.0,-0.2572265004466934,-1.0,-0.041912069708428756,0.2818065476231855,-2.093114103738551
-0.21371277086275686,-0.14293205131617737,-1.0,-1.0,0.5803892478007571,0.5012390548662938,1.310950106965855
-0.5855891224551634,-1.0,0.5210397449304478,-0.3214952667068319,-1.0,-0.6711724009583264,3.4938132449366566
-0.3114065580838808,-1.0,-0.2993749992344181,-0.41021257142351414,-1.0,-0.944554389066969,3.1952752730718346
0.1732923179136297,0.36307288246697256,0.7243047581359986,0.5499919379211732,0.44913950210813036,0.5494845784387499,-0.8510475573951385
0.11916178539049582,-0.6934462610585868,0.2115275927677967,-0.553296267098401,0.36284926073351487,-0.03827613354861212,0.8976936893758461
1.0,1.0,0.2946838461574648,1.0,-0.5468485587753134,0.2892872720899514,1.9851573660010218
-0.06600849694722899,-0.26920371959771416,-1.0,-1.0,-0.11313616978770002,-1.0,3.4258677646352846
0.813394276532368,-0.147436781415341,1.0,0.30969875423548154,-0.5650167130004035,-0.3508620619699332,2.105378269743059
-0.18779725256490032,-0.5595181117749362,0.27114789524536,1.0,-1.0,-1.0,2.917927289312451
-0.4735292932319629,-0.41740983084866745,0.8261178022890104,-0.516270276846291,0.8423900943157154,-0.31011428670759517,2.1625346235371405
0.2282170246461717,-0.22685054728179893,0.7298320672571249,0.02987752200818472,0.4050233236433392,0.5880938793300485,-1.8295446820537975
1.0,0.5396544742286842,1.0,0.5000862498206111,1.0,-1.0,-3.8342842535346957
-0.5942551463196994,-0.8387406362193213,-1.0,-0.12415295495323964,1.0,0.5439611902805039,-0.00014825019416575547
1.0,1.0,1.0,1.0,-0.9237638119951053,0.1190147385842451,3.2372592140888226
0.6795860970333669,-0.288326911336549,1.0,0.8893525409669738,1.0,1.0,-3.3950293554790467
-0.836339282313248,0.04873144537001195,-1.0,-1.0,-1.0,-1.0,1.9641613646980756
-0.8278461661248218,0.35985591304075937,-0.7264853310928593,-1.0,0.7397675587608807,1.0,7.799611693839122
-0.9920745414707246,-0.361885983499298,0.3320602423030129,0.027836506487396884,-0.9691049727500161,-1.0,-0.30019618003323917
-0.3856486432873909,-0.48746500725170105,-0.028809415385819603,-1.0,0.8103447342711142,1.0,2.055443028730273
0.36388794807806807,-0.0935429100370686,-0.5578475763599146,0.9159249978590503,0.8231000914905595,0.137562769150502,-1.487557486150856
0.9495544691885683,-0.19488862786998534,0.007801133844597519,0.561740040642938,-1.0,-0.4015542108024477,4.208011101267975
0.9567957458136311,0.7257011942217527,-1.0,0.7064897691027217,-1.0,-1.0,6.920640572122251
0.10016783274458796,-0.5019267365567643,0.20055352616682967,0.10714561501559439,0.2675756082984013,0.7413626877115862,1.314997825815822
1.0,1.0,0.3014474485472418,0.9873791742713,1.0,-0.4051530574190994,-1.3798578540008966
0.1256317836884755,-0.31133862181609906,0.6028655864703307,-0.10263604794870133,-0.029275263503079074,-0.4765830073395811,0.6116364649218307
1.0,0.37839882910816725,1.0,0.32078327635819437,1.0,0.9631833254861017,-5.447552012797995
-1.0,0.4347346261053471,-0.6886220698330812,-0.9752925485604669,1.0,1.0,10.362643865144028
-0.07170256233855699,0.23322729790583108,1.0,0.9192443433386976,-0.15724401350689976,0.27166844166966814,-1.5363954410009824
0.5822004804772087,-0.029791130337688876,-0.32350230746364494,-0.661323950746523,0.25252621290297983,0.22150994272913338,-0.34483691228274566
0.8229684102913815,0.530530848017813,-0.6780269058607651,1.0,-0.5093754044459524,-1.0,5.272469434599348
0.8701033869956487,-0.7318315129894418,0.11752599453928442,1.0,-1.0,-1.0,10.178566908191655
-0.5699069131605852,-0.6276453996409039,-0.2610434275024909,-0.32658220822250805,-0.40977204828555713,0.8869700323476591,0.7997538503853093
-0.5595381394401217,0.4376386906763824,-0.47847032427921865,0.35051672655083455,-0.7913879779037798,-0.7016673801622024,0.01133089968491685
-1.0,0.7885956224799499,0.057972146724268564,1.0,0.2712140357267413,-0.8470855444527383,1.1472753697562117
0.37600091793420004,-1.0,-0.2783091859495126,-0.32136933787436167,0.9494253539215036,0.1569575192954309,-2.0335446396152395
-0.8885885146534793,-0.2986417062213028,-0.7402918395963688,-1.0,-0.40409975976483137,0.8644079542107974,1.4666781729022709
1.0,0.22347028829081594,0.245620005357144,1.0,-1.0,-1.0,9.52061952853127
-0.5097163695794446,-0.8042506373851149,-0.9860598970577523,0.32178112351740057,0.17269427304045565,0.2616081614863789,-1.3753294301711085
0.9816764164472073,-0.7954253989545941,-0.38493928487444884,-0.23338365181057869,-0.4161508757404619,0.8030309475989605,1.833387803499822
-0.8851946799247541,-0.6130893848811564,-0.7187061291504182,-1.0,-0.13829871019424345,-0.6336566307920697,0.5474537594568772
-0.8122644026231944,-0.458769507705969,0.47373766956464625,-0.6042122771930931,1.0,0.5400254390924737,0.42076163201133965
0.42421487121475077,1.0,0.060731504590237656,-0.7097001089865658,-1.0,-1.0,3.3457211775092546
0.13609747613735745,1.0,0.48516036787327743,0.7657085039346552,-1.0,0.9387492544679183,2.3151152316855863
0.8588285900703898,0.4802101661811393,0.3534144038871003,0.5833440257673393,0.3087762152720827,-0.7643914140056431,1.5540764134058966
0.39094353102133517,0.8059315418408373,-0.7163780692225765,1.0,0.11334070154568887,-0.8706595728095275,2.482392717217358
-0.5186943983774015,-0.23132276310028946,0.3913524494174564,-0.1360005944412872,-0.2466122193289576,-0.40594694042421464,0.29011850965034375
0.43335226113273334,0.4190442460271278,0.09958393380081858,0.42343450329628685,-1.0,-0.533327765922456,2.5869710571941527
1.0,0.136554994308139,0.7689008609155418,-0.31928615352679024,0.201383102254304,-0.4710403076129139,-0.11939740428419099
-0.8963268637313064,0.4118022080459018,0.4642448819736723,-0.06108376794552828,0.31226307842805096,-1.0,4.200352328554209
0.1252485056021473,0.8000757531585985,0.28028722650202553,0.741618290734495,1.0,-0.26321028821921433,-0.45130201653554247
-1.0,0.34876117595978173,0.18743946031688796,0.4704563721878824,-1.0,-0.9216165888504051,-0.5679275064625846
0.4173361762035304,1.0,-0.2507435721323637,1.0,-1.0,-0.5983406725990823,6.251198384671289
-1.0,0.2906903946563866,-1.0,-0.21849926955729898,-1.0,-1.0,1.224773898948702
-0.8044979691361196,0.902235880143871,-0.2217726503120626,-0.13317082220264864,-1.0,-1.0,-2.5743388595379573
0.015222379280186715,0.6517840914253504,-0.987355316423615,0.4112590521213183,0.6731142519185244,0.4905282213698885,3.029734382360057
-0.19970884832923952,-0.06853733766513903,-0.9449244583906623,-1.0,-0.017744395518082712,0.027361406715437003,-1.6111194604880519
1.0,1.0,0.01287344561041448,0.47622899145907194,-1.0,-0.3615686571129446,3.869219842960495
-1.0,-1.0,0.14852799701455577,-0.14825931128475206,0.6686265608606268,1.0,3.1372125231313133
-0.16827429121055043,1.0,0.36619827948051653,-0.8747634348538876,1.0,1.0,6.240775921992401
0.17291677764072289,0.9449042967690892,-1.0,-1.0,-0.1987023843874154,-0.5849823131606655,0.19636742746568014
-1.0,-0.3098121495061703,-1.0,-1.0,0.6085944500674971,-0.27291444545624366,-2.149408376981578
0.9859492514734592,-0.20306176495644668,-0.03153441039410722,0.3586496689204691,-1.0,-0.41496142548733106,5.188103077943285
-0.6237533428804997,-0.2703659857999303,-0.7888462352289418,-1.0,0.31515491919469185,0.38412156800283137,0.5108400937163344
-1.0,-0.5207684461175044,-1.0,-0.9447519709776624,0.14912879580657035,-0.6827837085984384,-0.2103450233671309
0.11931017343588596,-0.09899341354960367,-1.0,0.3466240226687474,-1.0,-0.4421505961290314,-0.9492104326188155
0.130652830184949,-0.7202004554851291,0.7740653629153311,1.0,0.4103861157279791,0.08091431484133926,-0.30455367143709466
1.0,0.30824450564569417,1.0,0.05258879540756278,-1.0,-1.0,7.018194843244983
-0.09924613528353698,1.0,0.8307367825549425,0.4787338798195748,-0.17863471632897987,1.0,-2.5009224035650948
-0.5511367951390896,-0.36215654403578523,-0.5903075833269723,-0.3787007766228072,-1.0,-1.0,0.765449279649189
-1.0,-0.24677197138874818,-0.5351706815946146,-0.8528630078269612,-0.39973326424837446,0.621011602025286,-0.9980773835400485
0.43743696300288426,0.1517394797507965,1.0,1.0,-0.09952492824916706,0.563182970867292,-3.031371717343623
0.8634944578072332,0.41141764438484985,0.696683065002776,-0.0491553979469625,0.9077524596239346,-0.9406080793441586,0.05952533117301756
-1.0,-1.0,-0.38646436552474056,-0.6390873142163049,-0.8207511215880854,-0.1686896080240068,-1.1486578542763644
-1.0,-1.0,-0.13121411869049482,-1.0,0.6300366379999441,0.41053181852773,-0.60017438302783
0.3852051536392611,1.0,0.38147549947308157,0.5801821239989708,-0.029126254044722855,0.1294173737801392,-1.0123850485148973
-0.7586242833582125,-1.0,-1.0,-0.6396249097067248,0.2970756315482333,-0.5039304195345324,-2.9449624909412684
0.2832364319165602,0.1566768353664746,-0.005803615453388977,-0.07803762604584691,1.0,0.1660190374158097,-0.8858222545990814
-0.4990087542639134,0.9583507460392071,0.5102693736386942,0.8988686622136992,-1.0,0.09136828461189794,-2.1211981431956453
1.0,0.728762927491218,0.9513940943824248,-0.5357614653232217,-0.13988054796477356,0.7062109219806585,0.03158124824885844
-0.7769279371925488,-1.0,-1.0,-0.18949881411687963,1.0,-0.39074029718161135,-3.3791732711818745
0.4656364081345624,-1.0,-0.3255126575385088,-1.0,-0.8558528181485884,0.5993546741461686,4.856105536493955
-1.0,-0.9500589361531968,-0.33947806186108864,-0.3797863305753024,0.5451566700969477,0.030807719941706113,0.34148764696992245
-0.6363656462088372,-0.03257686394865189,0.7403921319977715,-0.27259537836758574,-1.0,0.8401345039804962,-3.065717306122994
0.8089945883224605,0.05827639696562237,1.0,-0.7385465122857304,0.9159514910752762,-0.1682820507163367,-2.241770824679364
-0.31452290132210237,-0.24823612979077342,1.0,0.7203434509730953,-0.30104061285163397,-0.005447714652659474,-0.7996381034416424
-0.1623686873256145,-1.0,-1.0,-0.1639913258609711,0.20621177964411314,0.38531080995293626,-1.657267018117703
-0.3164848820950985,-0.7409927325397032,-0.7578890343630327,0.12590662588843832,-0.07517954953160216,0.33138380132774936,-0.1798220032001373
-0.6199115993826477,-0.03340362747987413,1.0,0.6134380705274755,-0.6746656278073834,-0.6651909508362622,-0.5549022862747613
-0.40493911738608446,-0.6933803957453719,-0.2660400430271618,-0.6965354129434291,0.31079336880719644,1.0,1.8312752995368171
-0.13074026274356076,-0.9113492038400888,0.16505560733609415,-1.0,0.37860420172773956,0.44973768494667454,-1.637775745225775
-0.6088032549378456,0.728405910654372,-0.8112882358158245,-0.6558666338571515,-1.0,-1.0,-0.2372352954855272
-0.8116003270895713,-0.7702129601142325,0.09837292758133015,-0.017568772744387284,-0.47871180254236845,1.0,-0.5924047762443584
-0.5330406448127967,-1.0,-0.8495944821064718,-1.0,-1.0,-1.0,5.23420750607675
-1.0,-0.4522852204233405,-1.0,-0.7762256153098575,-0.13294138650603393,1.0,4.184790892023728
-0.3398305095628044,0.23669204611612127,0.4238985794018826,0.6078971039247454,1.0,0.8306148864976515,2.0546637283586286
0.27724448297339777,1.0,1.0,1.0,0.4074622020789785,-0.686688232472069,-3.9336816818080047
0.05332468951099259,0.8749123226040991,-0.8963394033375153,-0.028924377306543847,0.7025865546506393,0.29214304911220984,1.831962742677264
-0.6276841270670742,-0.21661384139270828,-0.4754811362208159,-0.8905068867396946,0.32536303314233783,1.0,3.760274211921079
0.3133222252629929,0.1041995320607052,0.28071399897288624,0.9198448625834259,1.0,1.0,4.063312505887426
0.9609122672816346,0.38534941856045424,1.0,1.0,0.65296024072921,0.8985147701321288,-4.986351408297635
1.0,0.6491749094312088,0.14344113479814918,-0.005456444202494137,-0.46793587033640427,0.564094695086691,2.006680704180091
-0.4709147045617701,-0.5278660624952138,-0.28450666334462027,-1.0,-0.5817362911604698,-0.5783828583445669,1.7010689858833392
-0.38039336301687054,-1.0,-0.7313284273534445,-1.0,-0.05992208860119341,-1.0,3.358186303507429
0.3635393588593916,0.021859799432012883,1.0,0.6507664561118724,1.0,-0.4768540267895197,-1.165505714157236
-0.6922079459391803,-0.11976607419721877,-1.0,-0.420062593201348,-1.0,0.44456325328702945,-1.0554118223277151
-1.0,-0.12763070654950592,0.10084598528150934,-1.0,-0.06824913698477642,-1.0,3.0245321336822646
-1.0,0.3654865247526913,-0.6328803551914328,-0.7439997008257822,1.0,0.7290797167714381,6.617334816524745
0.5288561182999402,-0.3864514590205631,0.19749160215388634,-0.11155160444116502,-0.5123119881157303,-0.3254764016748022,1.6360422683986244
-0.12031893032574957,0.4629171646733897,0.3239789851904153,-1.0,0.3810374960165306,0.45138343454879326,1.453984606828048
0.503680435619889,1.0,0.2916534832087181,0.6160074234502391,1.0,0.5136838189289474,-1.1343638399281823
-1.0,-0.9768276559907125,-0.022511970392182765,-1.0,-1.0,-0.8898470478862892,6.513437282806653
-1.0,-0.9543703112927175,-0.8554202725081494,-0.42015492471275406,-1.0,-0.2200925994332016,-3.0195360489078453
-1.0,-0.49571694694899093,0.4457792541678851,0.9138301245012371,-0.004637014695060393,-0.7616229287669132,0.9404052457814153
-0.009026909065410371,0.5038731853269837,1.0,0.8012080311623917,-0.17008905163223026,0.14653449562235843,-1.3251979612879579
-1.0,-0.1228600691376508,-0.20092530115721452,0.6244327347239914,-0.03601877542269971,-1.0,2.7242576064248665
0.17765998584853115,0.5812939855067906,1.0,-0.4129243965051197,1.0,0.5701988407669569,-0.3545045459692179
0.06393425324974977,-0.27456146891817734,-0.8355805740564662,-1.0,0.5630468587888844,-1.0,2.739940538987819
0.5141176391552118,0.33618881105632936,0.11403626734258832,0.2272837608902459,0.39669345044889565,0.2868467302002258,-0.26610038901844135
1.0,0.6515867819451405,0.2591225466237562,1.0,0.06451707005586649,0.060612904142576834,0.025773288756441512
-1.0,-0.8474332086552777,0.46591745055868566,-0.6778901848074583,1.0,-0.47669950346621237,5.490502575540224
-0.07505099838938978,-0.6658309867590253,-0.3420251993465558,0.5326031071671244,-0.30279663428364856,-1.0,2.2047987250116483
1.0,-0.6896989741927106,-0.04228092397703859,0.3350238896854588,-1.0,-0.5841291616984642,5.200999353030581
-0.3192115398795887,-1.0,1.0,-0.18773239593914343,-1.0,-0.6875809575218865,3.773496014436456
-0.6187131844472746,-0.10927055975201938,0.27523323380954434,0.6126730950821454,1.0,0.2572465826088092,1.3155654064282385
-1.0,-0.5367690729036353,-1.0,-0.9166546359757812,-1.0,-1.0,3.433522885902974
1.0,1.0,1.0,0.361165060188382,1.0,1.0,-7.095679625958593
-1.0,-0.5975920401019551,-1.0,-0.4791222602818229,0.04831031813745068,-1.0,6.078097295578352
0.006757852694013189,-0.21582083444909328,0.09498554091479161,-0.7247663143478121,0.8204147122904961,1.0,2.614583785461687
-0.8481667305911506,0.08931731052229264,-1.0,-0.19053519399712127,-0.47943716722092033,-1.0,4.138569243138723
-0.6241446036675549,0.17163358256288097,1.0,0.7853165536870577,0.7778455768365371,1.0,-1.7221448523138503
-1.0,-1.0,-1.0,-0.33662420370883805,-0.48779744429049543,0.5594788225978281,-3.592224934791375
0.733979001101998,1.0,1.0,1.0,-1.0,-0.9093839885201503,5.8473470260764415
-1.0,-1.0,-0.8394032148342572,-1.0,0.9190344330376261,0.11708536663694993,-4.777669506468731
-0.6829766674041101,1.0,0.13708547010926006,0.5323282016390494,0.06095284997571859,0.11631065793184603,-0.6297335511098959
0.19985273877897103,0.15825133196981953,1.0,-0.7877746398162683,-1.0,0.34446050607612644,-0.46616824633505405
-0.7442251397332541,-0.603918122309069,-0.08070747248171162,1.0,-0.2767928155377619,1.0,1.502135930283434
-1.0,-1.0,-1.0,-0.11449373160291315,1.0,-0.2743690178428686,-4.0240149302362855
-1.0,-0.10794915080922149,-1.0,-1.0,0.9707316513062423,0.09384101152104951,-0.18542389559314087
0.6482085601109056,-1.0,-0.2739564549966115,0.09018950549637395,0.5369374419488036,0.7994474367452379,-0.80717947516192
0.13760392710432978,-1.0,0.5815693077747945,-0.13917203976518677,-0.5683880952804552,0.16108930449128833,1.517654502082797
0.3985583327858927,0.34756860788294097,-0.6531622657362505,-0.5149946367178178,0.6913764324457008,0.05066339904804962,-1.2655631871915864
0.5941031644773729,0.4385971957355766,0.17793309731211693,0.6553500871365824,0.14952486218997085,0.7745560665637043,0.9778787774737107
0.22654534228201312,1.0,0.25675814861106827,-0.0321284953328661,0.9781021092283798,0.7347508119699759,2.050322244148829
-1.0,-0.8081713044021659,-0.649315828765221,-0.7666621938552438,-0.8341645885379332,-0.02446133728652744,-1.6261561063534649
0.12393395133231055,0.8397335425259201,0.665613746451862,-0.39186009117163145,0.11889014008792087,1.0,1.2746277446243655
0.44845970577997124,0.29953128773965076,0.8716618764706732,-0.26659521519046014,0.08359764461123687,1.0,-0.9157182395776196
0.5756931826080086,-0.9368383561425431,-0.8157966153466167,-0.541977173726973,1.0,1.0,-1.1077926720478006
-0.9897266271123534,-1.0,-0.023140260575412075,-1.0,-1.0,-0.4992283046403664,5.537748944463685
0.15216633176697747,-0.3426813259557745,-1.0,0.15389554374206738,0.23896807815264032,-0.7961856901011073,0.9386980635604337
0.679502559942614,0.17250500807984404,1.0,-0.24526170618562726,-0.7544039888744045,-1.0,4.859209232118942
1.0,1.0,1.0,1.0,0.8534953863611248,1.0,-9.05524262291112
1.0,1.0,0.47220236008026195,0.9404821114287762,0.37601436816619765,-0.9446316800602496,2.1544230499956067
-0.09120275671759001,-0.10427264580901965,1.0,-0.49655967854624716,-1.0,-0.24188875675852073,-0.601403485017137
-0.3254963177942387,-1.0,-1.0,-1.0,1.0,0.3454666432111635,-5.614834887332996
-1.0,-0.9162837648929473,0.5027611571328445,0.1397927567584491,0.7807593344636095,0.4033760319213362,1.921786076419847
1.0,0.08307407982420045,1.0,1.0,-0.7734307791935924,-0.035064644820736596,2.9702711062804275
1.0,-0.5008240279457296,-0.06340719200119255,0.174008026214436,-0.5852806817037358,0.05226135785693642,1.5803892204894392
-0.4830905015374257,0.40001463343795274,0.18529816868190085,-0.6560367869079832,0.21445856251365147,0.23003783108288883,0.4032204592871136
0.10815754340791772,-1.0,-0.7861153079677626,0.3439061666408536,-0.18002176555536797,-0.2634239625254339,-1.9067511674234026
1.0,0.9703426717634684,1.0,1.0,-1.0,-0.6347097426616211,6.0506783855322395
-1.0,-0.27413828520684613,-1.0,-0.3257411204072266,1.0,-0.7022814529357746,1.3745461631601357
-0.37851052372533234,-1.0,0.3194726901267714,-0.3363148595250671,0.762179129920056,0.03162814309442186,0.8632393276090782
-0.2381690857781188,-0.10934914480774538,-0.971899980937365,-0.37001911957488665,-0.34618212871660436,-0.5177862741216077,-0.5510107340711163
1.0,0.49325783538041046,0.2463290877715455,1.0,-0.1311434333449285,0.21102417762515002,0.3704595017958554
1.0,-0.45502068268719076,-1.0,0.6912726565050268,-0.12525546360240153,0.73057938408979,2.600735461368766
-0.26897907918563,-0.12998832500952884,-1.0,-1.0,0.9281148525828726,-0.05975012186497994,-0.5604918115901267
0.977387047534702,0.4845322218974102,1.0,0.3597530503962496,0.9923643943152753,-0.42501110193788094,-3.3136969722022087
0.1710329733354281,-0.36602146451763606,0.3824194559926237,0.211252044401755,0.12823024842812858,0.8001483257951378,1.2029551703996093
-0.39915131009964044,-0.7426130286108552,-0.09681836609057926,-0.6008665299639446,-0.3894145141471852,-1.0,3.418766718195462
0.2706171958891056,0.3925760827870336,-0.9678082384975583,0.9388112612423914,-0.04518241877024304,0.8735924397302124,3.3750566680569487
0.5625908417331271,0.32284571899562176,0.2766498179878366,-0.4813739225795921,-1.0,0.0060847087305256065,2.3453459916751567
-0.547299389235391,0.5154519388390078,-0.46170951822894624,-0.6091347195723585,1.0,-0.0008015661022341691,1.9168262575630488
-0.8472273910558006,-0.580559764243388,-0.8653392520346497,0.42707385603489534,0.31038213306772,1.0,5.813469074563262
1.0,-0.48194037905092224,0.17798417366602687,0.28501599167192154,0.07004317163984752,0.572127370245817,0.19978959699988563
0.5419014059768621,0.9911376450009134,0.6214594643061642,1.0,0.040751068621921634,-0.38217476492421076,-0.1507043938325741
-1.0,0.16385707184864995,-0.6644832721821253,0.14649998401583597,0.8275856012746237,1.0,7.938883981235004
-0.5434630108800964,-1.0,-0.011843943172628268,0.011865753285756009,0.8070771416794196,1.0,3.3079113589331883
-0.8953587893975796,-1.0,-1.0,-1.0,0.17499620723427678,-0.006843861990552452,-7.401450475814702
-0.38511052468157614,-1.0,-1.0,-1.0,-0.5289030065361853,-0.3087281872706361,-2.4955761376718346
0.9380456575890028,0.47400662017922035,0.6565772496869899,1.0,0.267065916317705,-1.0,2.782196439579679
-0.83491626613025,-0.9883561009552232,-0.21625475476598677,-0.09995779688362261,-0.7672697845444132,-0.46758408690644554,-0.6513551615814297
0.06189523455474294,-0.2549940493804326,-0.2362801164576246,0.8610335177819255,1.0,1.0,5.22208681461687
-0.6125177272152806,0.5773259169974211,-0.6843116208919746,-0.20121046222686298,-0.821008855034183,0.01485513003913072,-1.3120680844217654
0.7071849822846563,0.5848665023023454,1.0,-0.06940763450341947,0.14327327819710955,0.2530208024960161,-0.21963069918956246
-0.6382214355238502,-0.502239304740401,-0.026278493097334266,-0.9264698283386892,-1.0,-0.3288892269750975,1.8853301039044583
0.308753004931211,0.826515423193876,-0.9428266420510328,1.0,1.0,-1.0,-1.4356126391518662
-1.0,0.19879275458328552,-0.9522442615036661,-1.0,0.6016507220147995,0.3784828612077058,0.36429947960832226
-0.06922575283669932,0.1728879802491391,0.17804681371444595,0.8665145179968294,1.0,1.0,4.351579853195159
0.872840991948103,-0.8441690761722087,0.15354660714520707,0.3892947425653832,-1.0,-0.5952117844557173,5.5321851580910995
0.5461953767987986,-0.14074979277725802,-0.8165406655067812,-0.18181845710591138,-0.15838413531995343,-0.36556288228179457,0.7700993071638734
1.0,0.4089640141224018,1.0,0.07597076466717989,0.32945316201365027,0.7496898132307822,-3.165232721992182
-0.5454577718415105,0.4104140997305888,-0.30765276467883274,-0.6395240811415573,-0.5071763573486714,-0.43873362167407154,-0.590954885884069
1.0,0.032507570383811135,1.0,0.39029689257376776,0.24399234997193076,0.10571766004774397,-1.530541832635072
0.6352296636545269,-0.12371875425510634,0.2545389519743228,-1.0,0.012975797643883347,1.0,2.4401049239727466
-1.0,-0.12601298164463803,-0.4537284355892829,-0.4006326820423155,1.0,0.0774410841287887,2.9592804161003112
1.0,1.0,1.0,0.7304465008718204,1.0,1.0,-8.47087471562343
0.44796375240373104,1.0,-1.0,1.0,0.6503975641089924,-1.0,0.6687493712167375
-0.028034136372127705,0.2616663409153455,-1.0,1.0,0.031119490157718754,0.8879432966679441,4.196185730221604
0.4256798847933591,0.20596286955570386,0.44625090960688507,0.2274738733524091,-0.9166009215144746,-0.6964102976225235,1.983748456739324
0.15001094122581038,1.0,-0.35039389025430634,-0.6465154556966379,1.0,1.0,8.176831019219236
-0.07006530118743552,-1.0,-1.0,-1.0,0.7002209362197401,1.0,-2.2176886772498463
0.10189204604617699,0.017677125783993053,1.0,-0.18163739235854232,-0.36044421255073217,0.7415462502929308,-1.4134056455648867
1.0,0.5326633289696222,0.5883288796492937,1.0,1.0,0.5385129385396203,-5.134023455734779
-0.9732395170172612,-1.0,-0.13034533220882794,-1.0,-0.043321495477270044,-0.1362296452910795,-1.727213760683962
1.0,0.7929771258031872,0.12743679071899078,0.4683679987476008,0.06461619576722177,0.25623201336672974,-0.3051307836352154
0.25661877088372753,1.0,1.0,1.0,-0.288169308793095,-0.5402967963286616,-0.9351156237149911
-1.0,-1.0,-0.34864511905082507,-0.5866295696545845,0.3293035985726557,0.9968661051239465,-0.768516357005699
0.15290533716459798,-0.17895163905189992,-1.0,-0.015898228401248993,-0.7971712703835659,-0.09495429352612161,-0.9248835021550876
-1.0,-1.0,0.3222688589523236,0.6033221325799433,-0.9016109927112766,-0.2209717699634327,-0.9321630146074674
1.0,1.0,0.8322791696110255,0.18306346705678123,1.0,0.7398253889454673,-5.199642638172033
-0.6892348530926399,-0.9741773370088035,-0.11394588226094399,-0.017987879934871054,-0.6594332550572447,-1.0,1.56848690741778
-1.0,-0.5261842990024659,-0.19505626538708665,-0.655514473336068,1.0,-0.004139715264282362,3.125257665046769
1.0,1.0,1.0,0.47031630764602794,-0.8986109869830559,-1.0,4.073091486585593
0.43981718709963247,0.24676743230110842,-1.0,-0.11612699042781183,-1.0,-0.2421565534841194,0.4366418231356448
-1.0,0.43544803091477824,0.23136887154160857,0.25411591314013693,-0.16292801679327318,0.2183297983094432,-0.6663340784457148
-1.0,-0.916487541622321,-1.0,-0.097816331608932,-0.00989881115467739,-0.1443795661365097,-3.189704429814626
0.42180504794974927,0.304863835085483,-0.5516854158683112,0.6069557905309503,0.31526135118406456,-0.39154516024908637,-0.40267994034299787
-0.31848566179493143,-0.3853255000392677,-0.2991584177407953,-0.8817359213041758,0.6871792528093361,0.6770868526326121,1.6338552110189464
-0.045720492877658,-0.9377181801559187,-1.0,-1.0,1.0,1.0,-1.2793573891150007
0.11792691335176475,-0.7089356512517403,-1.0,-0.07822539654682215,-0.1101562289433494,-0.5744046547995101,-0.13837992703826127
-1.0,0.37369757480778887,-0.0885633287673746,-1.0,-0.8833573179432233,0.42070420951089876,-0.8758091118451558
0.7976678683066658,1.0,0.235612022490173,0.9673917271767913,-1.0,-0.29165994403085854,4.878259589882139
-0.7320926175004328,-1.0,-0.6122531133561422,-1.0,1.0,0.012571405767717425,-1.4016325482668472
0.648658508113503,1.0,1.0,1.0,1.0,0.7022162753634278,-8.60994146800252
-1.0,-0.10020033555152949,-0.2954754724821982,-1.0,-1.0,-0.23187975538836514,0.8563357186760433
1.0,1.0,1.0,1.0,0.8310383142327906,1.0,-9.4197768312951
-0.4224887517267609,-0.3798134942611008,-0.5375727044251415,-0.9567446460476698,-1.0,-0.10564265053678534,0.5801708188012626
0.5238057354959247,-0.5246090610062322,-0.5298413574122749,-1.0,-1.0,-0.5104046785008953,5.417780082242073
-0.11770701506486561,1.0,0.6665943695356662,0.44614955850189975,1.0,0.695309736227858,-0.8883155618607459
0.37561792190667465,0.13635958275317267,-0.5198384586440725,-0.7319345843295029,-1.0,-1.0,2.0432356906310893
0.8813404558135263,0.915039479440126,0.6616984050447503,0.04759497837143112,0.9421532752178554,0.7898620778575773,-1.848632050948316
-0.7881257580440435,-0.5488345313755159,-0.1821151165521182,-0.8200122802650358,0.5212193653890915,1.0,2.4707348333242694
-0.7393258177924099,-0.3257358996884707,-1.0,-1.0,-0.3853346549411213,0.7692824742433978,2.1065726074663074
1.0,1.0,0.44195287330237387,1.0,0.9136292975196818,1.0,-2.672348674721182
1.0,0.6544421989396021,1.0,0.8081474811482754,0.09158960474725841,-0.9180579320814298,1.7461936531518758
-0.5387432047873776,-0.005230085707905396,-0.05554629725138688,-0.31539130244656655,-1.0,1.0,1.7534918857517614
-0.175350262080736,1.0,-0.03780370325599203,0.5006007719892468,-0.8155324398521335,0.0684007308868165,0.07631750565611867
-0.13507118940884832,-1.0,0.13616228142965248,-0.9312550325005571,-0.8571624067205841,-1.0,8.404981231975468
1.0,1.0,-0.1294468599806976,0.6314944184366602,-1.0,-1.0,8.245581453155983
